review,cleaned_review,rating,date,bank,sentiment_label,sentiment_score,identified_theme
"Great UI design, best banking app in Ethiopia So frustrating.","great ui design, best banking app in ethiopia so frustrating.",4,2025-12-22,CBE,positive,0.4666666666666666,UI and Design
"Fast and secure, recommended for everyone Great work!","fast and secure, recommended for everyone great work!",4,2026-03-09,CBE,positive,0.5333333333333333,Transaction Performance
App freezes on payment screen Highly recommend.,app freezes on payment screen highly recommend.,1,2026-01-07,CBE,positive,0.16,Transaction Performance
Good app but needs fingerprint login feature Please fix!,good app but needs fingerprint login feature please fix!,5,2026-01-28,CBE,positive,0.875,Account Access
"Login issues every time, very frustrating Very disappointed.","login issues every time, very frustrating very disappointed.",4,2026-03-19,CBE,negative,0.7475,Account Access
Transaction failed multiple times today Please fix!,transaction failed multiple times today please fix!,4,2026-03-15,CBE,negative,0.25,Transaction Performance
"Love the interface, very user friendly and intuitive Very disappointed.","love the interface, very user friendly and intuitive very disappointed.",2,2025-12-06,CBE,neutral,0.5,UI and Design
"OTP never arrives, please fix this issue urgently Update needed.","otp never arrives, please fix this issue urgently update needed.",3,2026-04-22,CBE,neutral,0.5,Account Access
"Great UI design, best banking app in Ethiopia Very disappointed.","great ui design, best banking app in ethiopia very disappointed.",1,2026-05-16,CBE,positive,0.27499999999999997,UI and Design
"Login issues every time, very frustrating Update needed.","login issues every time, very frustrating update needed.",1,2026-03-01,CBE,negative,0.52,Account Access
Customer support helped me resolve my issue quickly Very disappointed.,customer support helped me resolve my issue quickly very disappointed.,5,2025-12-20,CBE,negative,0.9750000000000001,Customer Support
"App is very slow during transfers, takes forever to process Great work!","app is very slow during transfers, takes forever to process great work!",4,2026-05-03,CBE,positive,0.30499999999999994,Transaction Performance
"App is very slow during transfers, takes forever to process So frustrating.","app is very slow during transfers, takes forever to process so frustrating.",4,2026-02-01,CBE,negative,0.395,Transaction Performance
"Please add dark mode, it's hard on eyes at night Highly recommend.","please add dark mode, it's hard on eyes at night highly recommend.",3,2026-05-12,CBE,neutral,0.5,Feature Requests
"OTP never arrives, please fix this issue urgently Please fix!","otp never arrives, please fix this issue urgently please fix!",3,2026-02-26,CBE,neutral,0.5,Account Access
Transaction failed multiple times today Update needed.,transaction failed multiple times today update needed.,1,2026-01-17,CBE,negative,0.25,Transaction Performance
Very reliable for daily transactions,very reliable for daily transactions,3,2026-01-10,CBE,positive,0.1,Transaction Performance
App freezes on payment screen So frustrating.,app freezes on payment screen so frustrating.,5,2026-02-28,CBE,negative,0.4,Transaction Performance
App freezes on payment screen,app freezes on payment screen,4,2025-11-25,CBE,neutral,0.5,Transaction Performance
Customer support helped me resolve my issue quickly Great work!,customer support helped me resolve my issue quickly great work!,1,2026-03-11,CBE,positive,1.0,Customer Support
"App is very slow during transfers, takes forever to process Please fix!","app is very slow during transfers, takes forever to process please fix!",3,2026-01-22,CBE,negative,0.4875000000000001,Transaction Performance
"Please add dark mode, it's hard on eyes at night Very disappointed.","please add dark mode, it's hard on eyes at night very disappointed.",3,2025-12-27,CBE,negative,0.47222222222222227,Feature Requests
App crashes when I try to pay bills Very disappointed.,app crashes when i try to pay bills very disappointed.,1,2026-05-15,CBE,negative,0.9750000000000001,App Stability
"Loading takes too long, need optimization Update needed.","loading takes too long, need optimization update needed.",4,2026-05-04,CBE,neutral,0.5,Other
App crashes when I try to pay bills Very disappointed.,app crashes when i try to pay bills very disappointed.,1,2025-11-20,CBE,negative,0.9750000000000001,App Stability
"OTP never arrives, please fix this issue urgently Great work!","otp never arrives, please fix this issue urgently great work!",4,2026-02-01,CBE,positive,1.0,Account Access
"Login issues every time, very frustrating","login issues every time, very frustrating",5,2026-05-16,CBE,negative,0.52,Account Access
"Please add dark mode, it's hard on eyes at night Please fix!","please add dark mode, it's hard on eyes at night please fix!",4,2025-11-20,CBE,negative,0.2572916666666667,Feature Requests
"OTP never arrives, please fix this issue urgently Very disappointed.","otp never arrives, please fix this issue urgently very disappointed.",4,2026-03-01,CBE,negative,0.9750000000000001,Account Access
Good app but needs fingerprint login feature Great work!,good app but needs fingerprint login feature great work!,3,2025-12-17,CBE,positive,0.85,Account Access
"App is very slow during transfers, takes forever to process Very disappointed.","app is very slow during transfers, takes forever to process very disappointed.",4,2025-12-24,CBE,negative,0.6825000000000001,Transaction Performance
Good app but needs fingerprint login feature Update needed.,good app but needs fingerprint login feature update needed.,5,2026-02-05,CBE,positive,0.7,Account Access
"Fast and secure, recommended for everyone So frustrating.","fast and secure, recommended for everyone so frustrating.",3,2025-11-28,CBE,neutral,0.5,Transaction Performance
"Login issues every time, very frustrating Please fix!","login issues every time, very frustrating please fix!",3,2026-01-24,CBE,negative,0.65,Account Access
Good app but needs fingerprint login feature Very disappointed.,good app but needs fingerprint login feature very disappointed.,5,2025-12-11,CBE,negative,0.13750000000000007,Account Access
"Please add dark mode, it's hard on eyes at night","please add dark mode, it's hard on eyes at night",2,2026-03-23,CBE,negative,0.22083333333333333,Feature Requests
App crashes when I try to pay bills Highly recommend.,app crashes when i try to pay bills highly recommend.,4,2026-04-22,CBE,positive,0.16,App Stability
"Loading takes too long, need optimization Great work!","loading takes too long, need optimization great work!",4,2026-03-09,CBE,positive,0.475,Other
Very reliable for daily transactions,very reliable for daily transactions,3,2026-01-07,CBE,positive,0.1,Transaction Performance
Very reliable for daily transactions,very reliable for daily transactions,5,2026-05-02,CBE,positive,0.1,Transaction Performance
App freezes on payment screen Update needed.,app freezes on payment screen update needed.,4,2026-02-24,CBE,neutral,0.5,Transaction Performance
"Loading takes too long, need optimization So frustrating.","loading takes too long, need optimization so frustrating.",5,2026-04-05,CBE,negative,0.225,Other
Customer support helped me resolve my issue quickly Very disappointed.,customer support helped me resolve my issue quickly very disappointed.,5,2025-11-28,CBE,negative,0.9750000000000001,Customer Support
Good app but needs fingerprint login feature So frustrating.,good app but needs fingerprint login feature so frustrating.,4,2025-12-07,CBE,positive,0.14999999999999997,Account Access
Transaction failed multiple times today Please fix!,transaction failed multiple times today please fix!,5,2026-02-05,CBE,negative,0.25,Transaction Performance
App crashes when I try to pay bills Please fix!,app crashes when i try to pay bills please fix!,2,2025-12-25,CBE,neutral,0.5,App Stability
Transaction failed multiple times today Please fix!,transaction failed multiple times today please fix!,4,2026-05-09,CBE,negative,0.25,Transaction Performance
"Loading takes too long, need optimization Please fix!","loading takes too long, need optimization please fix!",2,2026-03-11,CBE,neutral,0.5,Other
"Please add dark mode, it's hard on eyes at night Update needed.","please add dark mode, it's hard on eyes at night update needed.",5,2026-02-06,CBE,negative,0.22083333333333333,Feature Requests
"Fast and secure, recommended for everyone Highly recommend.","fast and secure, recommended for everyone highly recommend.",5,2026-04-10,CBE,positive,0.25333333333333335,Transaction Performance
App crashes when I try to pay bills,app crashes when i try to pay bills,5,2025-12-21,CBE,neutral,0.5,App Stability
"Fast and secure, recommended for everyone","fast and secure, recommended for everyone",1,2025-12-20,CBE,positive,0.30000000000000004,Transaction Performance
"Login issues every time, very frustrating Very disappointed.","login issues every time, very frustrating very disappointed.",2,2026-02-21,CBE,negative,0.7475,Account Access
"Loading takes too long, need optimization Highly recommend.","loading takes too long, need optimization highly recommend.",5,2026-02-17,CBE,neutral,0.5,Other
"Please add dark mode, it's hard on eyes at night Great work!","please add dark mode, it's hard on eyes at night great work!",5,2026-03-04,CBE,positive,0.18611111111111112,Feature Requests
"Please add dark mode, it's hard on eyes at night Great work!","please add dark mode, it's hard on eyes at night great work!",1,2026-02-23,CBE,positive,0.18611111111111112,Feature Requests
"Fast and secure, recommended for everyone Very disappointed.","fast and secure, recommended for everyone very disappointed.",5,2026-02-24,CBE,negative,0.125,Transaction Performance
Good app but needs fingerprint login feature Very disappointed.,good app but needs fingerprint login feature very disappointed.,3,2026-03-09,CBE,negative,0.13750000000000007,Account Access
App freezes on payment screen Update needed.,app freezes on payment screen update needed.,3,2026-02-12,CBE,neutral,0.5,Transaction Performance
Transaction failed multiple times today,transaction failed multiple times today,1,2026-03-25,CBE,negative,0.25,Transaction Performance
"App is very slow during transfers, takes forever to process Very disappointed.","app is very slow during transfers, takes forever to process very disappointed.",4,2025-12-23,CBE,negative,0.6825000000000001,Transaction Performance
"Great UI design, best banking app in Ethiopia Highly recommend.","great ui design, best banking app in ethiopia highly recommend.",1,2026-04-11,CBE,positive,0.6533333333333333,UI and Design
"App is very slow during transfers, takes forever to process So frustrating.","app is very slow during transfers, takes forever to process so frustrating.",4,2026-02-08,CBE,negative,0.395,Transaction Performance
"Login issues every time, very frustrating Highly recommend.","login issues every time, very frustrating highly recommend.",3,2026-02-15,CBE,negative,0.18,Account Access
App freezes on payment screen Very disappointed.,app freezes on payment screen very disappointed.,1,2026-04-04,CBE,negative,0.9750000000000001,Transaction Performance
"Fast and secure, recommended for everyone Update needed.","fast and secure, recommended for everyone update needed.",5,2026-01-07,CBE,positive,0.30000000000000004,Transaction Performance
Fingerprint login would make it perfect Highly recommend.,fingerprint login would make it perfect highly recommend.,5,2026-05-04,CBE,positive,0.58,Account Access
"Loading takes too long, need optimization","loading takes too long, need optimization",4,2025-11-28,CBE,neutral,0.5,Other
Good app but needs fingerprint login feature,good app but needs fingerprint login feature,3,2026-05-18,CBE,positive,0.7,Account Access
Very reliable for daily transactions Great work!,very reliable for daily transactions great work!,5,2025-11-21,CBE,positive,0.39999999999999997,Transaction Performance
"Please add dark mode, it's hard on eyes at night","please add dark mode, it's hard on eyes at night",4,2025-12-28,CBE,negative,0.22083333333333333,Feature Requests
"Great UI design, best banking app in Ethiopia Highly recommend.","great ui design, best banking app in ethiopia highly recommend.",5,2026-03-10,CBE,positive,0.6533333333333333,UI and Design
"Please add dark mode, it's hard on eyes at night Highly recommend.","please add dark mode, it's hard on eyes at night highly recommend.",3,2026-01-14,CBE,neutral,0.5,Feature Requests
App freezes on payment screen Very disappointed.,app freezes on payment screen very disappointed.,1,2025-12-22,CBE,negative,0.9750000000000001,Transaction Performance
"App is very slow during transfers, takes forever to process","app is very slow during transfers, takes forever to process",4,2026-04-19,CBE,negative,0.39000000000000007,Transaction Performance
"Great UI design, best banking app in Ethiopia Very disappointed.","great ui design, best banking app in ethiopia very disappointed.",5,2026-01-08,CBE,positive,0.27499999999999997,UI and Design
"Love the interface, very user friendly and intuitive","love the interface, very user friendly and intuitive",5,2026-01-11,CBE,positive,0.35833333333333334,UI and Design
"Fast and secure, recommended for everyone Highly recommend.","fast and secure, recommended for everyone highly recommend.",5,2025-12-20,CBE,positive,0.25333333333333335,Transaction Performance
"App is very slow during transfers, takes forever to process Great work!","app is very slow during transfers, takes forever to process great work!",4,2025-11-23,CBE,positive,0.30499999999999994,Transaction Performance
Very reliable for daily transactions So frustrating.,very reliable for daily transactions so frustrating.,4,2026-01-30,CBE,neutral,0.5,Transaction Performance
"Great UI design, best banking app in Ethiopia Great work!","great ui design, best banking app in ethiopia great work!",2,2025-12-10,CBE,positive,0.9333333333333332,UI and Design
Good app but needs fingerprint login feature Great work!,good app but needs fingerprint login feature great work!,5,2026-05-09,CBE,positive,0.85,Account Access
Good app but needs fingerprint login feature Great work!,good app but needs fingerprint login feature great work!,5,2026-02-06,CBE,positive,0.85,Account Access
App crashes when I try to pay bills Very disappointed.,app crashes when i try to pay bills very disappointed.,5,2026-01-23,CBE,negative,0.9750000000000001,App Stability
"Fast and secure, recommended for everyone","fast and secure, recommended for everyone",5,2026-05-15,CBE,positive,0.30000000000000004,Transaction Performance
"Login issues every time, very frustrating Please fix!","login issues every time, very frustrating please fix!",5,2026-04-11,CBE,negative,0.65,Account Access
Transaction failed multiple times today,transaction failed multiple times today,5,2026-04-05,CBE,negative,0.25,Transaction Performance
Customer support helped me resolve my issue quickly So frustrating.,customer support helped me resolve my issue quickly so frustrating.,4,2026-03-17,CBE,negative,0.4,Customer Support
"Fast and secure, recommended for everyone Very disappointed.","fast and secure, recommended for everyone very disappointed.",3,2026-05-16,CBE,negative,0.125,Transaction Performance
"Fast and secure, recommended for everyone Please fix!","fast and secure, recommended for everyone please fix!",1,2026-05-18,CBE,positive,0.35,Transaction Performance
"Fast and secure, recommended for everyone Highly recommend.","fast and secure, recommended for everyone highly recommend.",4,2026-03-26,CBE,positive,0.25333333333333335,Transaction Performance
Good app but needs fingerprint login feature Please fix!,good app but needs fingerprint login feature please fix!,3,2025-12-28,CBE,positive,0.875,Account Access
Good app but needs fingerprint login feature So frustrating.,good app but needs fingerprint login feature so frustrating.,5,2025-12-21,CBE,positive,0.14999999999999997,Account Access
Customer support helped me resolve my issue quickly Very disappointed.,customer support helped me resolve my issue quickly very disappointed.,3,2026-01-30,CBE,negative,0.9750000000000001,Customer Support
"Great UI design, best banking app in Ethiopia Great work!","great ui design, best banking app in ethiopia great work!",4,2026-01-26,CBE,positive,0.9333333333333332,UI and Design
"App is very slow during transfers, takes forever to process Great work!","app is very slow during transfers, takes forever to process great work!",5,2025-11-22,CBE,positive,0.30499999999999994,Transaction Performance
"App is very slow during transfers, takes forever to process Update needed.","app is very slow during transfers, takes forever to process update needed.",5,2026-03-22,CBE,negative,0.39000000000000007,Transaction Performance
App crashes when I try to pay bills,app crashes when i try to pay bills,1,2026-03-18,CBE,neutral,0.5,App Stability
"Login issues every time, very frustrating Please fix!","login issues every time, very frustrating please fix!",1,2025-12-31,CBE,negative,0.65,Account Access
"OTP never arrives, please fix this issue urgently Update needed.","otp never arrives, please fix this issue urgently update needed.",1,2026-03-24,CBE,neutral,0.5,Account Access
Very reliable for daily transactions,very reliable for daily transactions,3,2026-03-27,CBE,positive,0.1,Transaction Performance
"App is very slow during transfers, takes forever to process","app is very slow during transfers, takes forever to process",4,2026-03-24,CBE,negative,0.39000000000000007,Transaction Performance
App crashes when I try to pay bills Great work!,app crashes when i try to pay bills great work!,1,2026-04-13,CBE,positive,1.0,App Stability
Transaction failed multiple times today Highly recommend.,transaction failed multiple times today highly recommend.,5,2026-02-11,CBE,negative,0.11333333333333333,Transaction Performance
"Fast and secure, recommended for everyone Highly recommend.","fast and secure, recommended for everyone highly recommend.",1,2026-04-02,CBE,positive,0.25333333333333335,Transaction Performance
Customer support helped me resolve my issue quickly Update needed.,customer support helped me resolve my issue quickly update needed.,4,2026-04-24,CBE,positive,0.3333333333333333,Customer Support
"Love the interface, very user friendly and intuitive Great work!","love the interface, very user friendly and intuitive great work!",4,2025-12-22,CBE,positive,0.51875,UI and Design
App freezes on payment screen Great work!,app freezes on payment screen great work!,3,2025-11-29,CBE,positive,1.0,Transaction Performance
"Fast and secure, recommended for everyone","fast and secure, recommended for everyone",5,2026-01-10,CBE,positive,0.30000000000000004,Transaction Performance
"Fast and secure, recommended for everyone Very disappointed.","fast and secure, recommended for everyone very disappointed.",1,2026-03-08,CBE,negative,0.125,Transaction Performance
"OTP never arrives, please fix this issue urgently Very disappointed.","otp never arrives, please fix this issue urgently very disappointed.",5,2026-03-02,CBE,negative,0.9750000000000001,Account Access
App crashes when I try to pay bills Update needed.,app crashes when i try to pay bills update needed.,1,2026-03-19,CBE,neutral,0.5,App Stability
App crashes when I try to pay bills Very disappointed.,app crashes when i try to pay bills very disappointed.,5,2025-12-18,CBE,negative,0.9750000000000001,App Stability
Transaction failed multiple times today Very disappointed.,transaction failed multiple times today very disappointed.,5,2026-01-06,CBE,negative,0.4916666666666667,Transaction Performance
Customer support helped me resolve my issue quickly Very disappointed.,customer support helped me resolve my issue quickly very disappointed.,3,2026-02-21,CBE,negative,0.9750000000000001,Customer Support
"Fast and secure, recommended for everyone","fast and secure, recommended for everyone",3,2026-02-16,CBE,positive,0.30000000000000004,Transaction Performance
"Login issues every time, very frustrating Please fix!","login issues every time, very frustrating please fix!",3,2025-12-03,CBE,negative,0.65,Account Access
"Love the interface, very user friendly and intuitive","love the interface, very user friendly and intuitive",1,2026-05-08,CBE,positive,0.35833333333333334,UI and Design
App freezes on payment screen,app freezes on payment screen,4,2026-04-14,CBE,neutral,0.5,Transaction Performance
"Please add dark mode, it's hard on eyes at night Highly recommend.","please add dark mode, it's hard on eyes at night highly recommend.",5,2026-05-17,CBE,neutral,0.5,Feature Requests
App freezes on payment screen Great work!,app freezes on payment screen great work!,4,2026-05-05,CBE,positive,1.0,Transaction Performance
"Great UI design, best banking app in Ethiopia Please fix!","great ui design, best banking app in ethiopia please fix!",3,2026-03-14,CBE,positive,0.9,UI and Design
"Please add dark mode, it's hard on eyes at night Great work!","please add dark mode, it's hard on eyes at night great work!",4,2025-11-23,CBE,positive,0.18611111111111112,Feature Requests
"Love the interface, very user friendly and intuitive Great work!","love the interface, very user friendly and intuitive great work!",4,2025-12-26,CBE,positive,0.51875,UI and Design
"Please add dark mode, it's hard on eyes at night","please add dark mode, it's hard on eyes at night",5,2026-04-24,CBE,negative,0.22083333333333333,Feature Requests
"Love the interface, very user friendly and intuitive Update needed.","love the interface, very user friendly and intuitive update needed.",5,2026-02-05,CBE,positive,0.35833333333333334,UI and Design
"Please add dark mode, it's hard on eyes at night Very disappointed.","please add dark mode, it's hard on eyes at night very disappointed.",4,2025-12-24,CBE,negative,0.47222222222222227,Feature Requests
"Great UI design, best banking app in Ethiopia Highly recommend.","great ui design, best banking app in ethiopia highly recommend.",4,2025-11-20,CBE,positive,0.6533333333333333,UI and Design
"Login issues every time, very frustrating So frustrating.","login issues every time, very frustrating so frustrating.",4,2025-12-08,CBE,negative,0.46,Account Access
"Great UI design, best banking app in Ethiopia Very disappointed.","great ui design, best banking app in ethiopia very disappointed.",5,2026-01-09,CBE,positive,0.27499999999999997,UI and Design
"Love the interface, very user friendly and intuitive Very disappointed.","love the interface, very user friendly and intuitive very disappointed.",1,2026-04-05,CBE,neutral,0.5,UI and Design
"Login issues every time, very frustrating Great work!","login issues every time, very frustrating great work!",4,2025-12-31,CBE,positive,0.24,Account Access
Good app but needs fingerprint login feature Highly recommend.,good app but needs fingerprint login feature highly recommend.,4,2025-11-22,CBE,positive,0.43,Account Access
App freezes on payment screen Very disappointed.,app freezes on payment screen very disappointed.,3,2026-03-17,CBE,negative,0.9750000000000001,Transaction Performance
Fingerprint login would make it perfect Please fix!,fingerprint login would make it perfect please fix!,4,2025-12-21,CBE,positive,1.0,Account Access
"Login issues every time, very frustrating Update needed.","login issues every time, very frustrating update needed.",5,2026-03-19,CBE,negative,0.52,Account Access
"Loading takes too long, need optimization Highly recommend.","loading takes too long, need optimization highly recommend.",5,2025-12-11,CBE,neutral,0.5,Other
App freezes on payment screen,app freezes on payment screen,4,2026-03-26,CBE,neutral,0.5,Transaction Performance
Fingerprint login would make it perfect Update needed.,fingerprint login would make it perfect update needed.,4,2026-03-29,CBE,positive,1.0,Account Access
"Please add dark mode, it's hard on eyes at night Very disappointed.","please add dark mode, it's hard on eyes at night very disappointed.",4,2026-02-28,CBE,negative,0.47222222222222227,Feature Requests
"Love the interface, very user friendly and intuitive","love the interface, very user friendly and intuitive",3,2026-02-23,CBE,positive,0.35833333333333334,UI and Design
"Fast and secure, recommended for everyone","fast and secure, recommended for everyone",1,2026-05-13,CBE,positive,0.30000000000000004,Transaction Performance
"Loading takes too long, need optimization","loading takes too long, need optimization",3,2026-01-30,CBE,neutral,0.5,Other
Fingerprint login would make it perfect,fingerprint login would make it perfect,4,2026-02-21,CBE,positive,1.0,Account Access
Customer support helped me resolve my issue quickly Highly recommend.,customer support helped me resolve my issue quickly highly recommend.,5,2026-05-05,CBE,positive,0.16,Customer Support
"Fast and secure, recommended for everyone Highly recommend.","fast and secure, recommended for everyone highly recommend.",5,2026-02-17,CBE,positive,0.25333333333333335,Transaction Performance
Fingerprint login would make it perfect Great work!,fingerprint login would make it perfect great work!,5,2026-02-04,CBE,positive,1.0,Account Access
"Loading takes too long, need optimization Update needed.","loading takes too long, need optimization update needed.",4,2025-12-31,CBE,neutral,0.5,Other
"Loading takes too long, need optimization Update needed.","loading takes too long, need optimization update needed.",4,2026-05-02,CBE,neutral,0.5,Other
Transaction failed multiple times today So frustrating.,transaction failed multiple times today so frustrating.,2,2026-02-09,CBE,negative,0.3,Transaction Performance
"Fast and secure, recommended for everyone Very disappointed.","fast and secure, recommended for everyone very disappointed.",4,2026-01-22,CBE,negative,0.125,Transaction Performance
"Login issues every time, very frustrating So frustrating.","login issues every time, very frustrating so frustrating.",4,2026-03-24,CBE,negative,0.46,Account Access
"Fast and secure, recommended for everyone So frustrating.","fast and secure, recommended for everyone so frustrating.",5,2026-02-18,CBE,neutral,0.5,Transaction Performance
"Great UI design, best banking app in Ethiopia Great work!","great ui design, best banking app in ethiopia great work!",4,2025-11-29,CBE,positive,0.9333333333333332,UI and Design
"App is very slow during transfers, takes forever to process So frustrating.","app is very slow during transfers, takes forever to process so frustrating.",4,2026-01-23,CBE,negative,0.395,Transaction Performance
Customer support helped me resolve my issue quickly So frustrating.,customer support helped me resolve my issue quickly so frustrating.,5,2025-12-15,CBE,negative,0.4,Customer Support
"Love the interface, very user friendly and intuitive Update needed.","love the interface, very user friendly and intuitive update needed.",5,2025-12-22,CBE,positive,0.35833333333333334,UI and Design
Customer support helped me resolve my issue quickly Please fix!,customer support helped me resolve my issue quickly please fix!,1,2026-02-15,CBE,positive,0.41666666666666663,Customer Support
App crashes when I try to pay bills Very disappointed.,app crashes when i try to pay bills very disappointed.,3,2026-03-20,CBE,negative,0.9750000000000001,App Stability
"Great UI design, best banking app in Ethiopia Highly recommend.","great ui design, best banking app in ethiopia highly recommend.",4,2025-11-21,CBE,positive,0.6533333333333333,UI and Design
Good app but needs fingerprint login feature Update needed.,good app but needs fingerprint login feature update needed.,2,2026-02-11,CBE,positive,0.7,Account Access
"Loading takes too long, need optimization Highly recommend.","loading takes too long, need optimization highly recommend.",5,2026-05-06,CBE,neutral,0.5,Other
App crashes when I try to pay bills Very disappointed.,app crashes when i try to pay bills very disappointed.,3,2026-04-24,CBE,negative,0.9750000000000001,App Stability
App freezes on payment screen Update needed.,app freezes on payment screen update needed.,3,2025-11-24,CBE,neutral,0.5,Transaction Performance
"Fast and secure, recommended for everyone Please fix!","fast and secure, recommended for everyone please fix!",3,2026-03-22,CBE,positive,0.35,Transaction Performance
"Great UI design, best banking app in Ethiopia So frustrating.","great ui design, best banking app in ethiopia so frustrating.",4,2025-12-13,CBE,positive,0.4666666666666666,UI and Design
App crashes when I try to pay bills Update needed.,app crashes when i try to pay bills update needed.,3,2026-04-26,CBE,neutral,0.5,App Stability
App crashes when I try to pay bills Highly recommend.,app crashes when i try to pay bills highly recommend.,5,2026-01-12,CBE,positive,0.16,App Stability
App crashes when I try to pay bills,app crashes when i try to pay bills,2,2025-12-06,CBE,neutral,0.5,App Stability
App freezes on payment screen Very disappointed.,app freezes on payment screen very disappointed.,5,2026-04-21,CBE,negative,0.9750000000000001,Transaction Performance
App freezes on payment screen Great work!,app freezes on payment screen great work!,2,2026-03-22,CBE,positive,1.0,Transaction Performance
"Great UI design, best banking app in Ethiopia So frustrating.","great ui design, best banking app in ethiopia so frustrating.",3,2026-03-10,CBE,positive,0.4666666666666666,UI and Design
Transaction failed multiple times today Please fix!,transaction failed multiple times today please fix!,3,2025-12-13,CBE,negative,0.25,Transaction Performance
"OTP never arrives, please fix this issue urgently Very disappointed.","otp never arrives, please fix this issue urgently very disappointed.",4,2026-04-15,CBE,negative,0.9750000000000001,Account Access
Good app but needs fingerprint login feature Great work!,good app but needs fingerprint login feature great work!,4,2025-12-23,CBE,positive,0.85,Account Access
"Love the interface, very user friendly and intuitive Update needed.","love the interface, very user friendly and intuitive update needed.",5,2026-02-21,CBE,positive,0.35833333333333334,UI and Design
"Love the interface, very user friendly and intuitive Very disappointed.","love the interface, very user friendly and intuitive very disappointed.",2,2026-01-09,CBE,neutral,0.5,UI and Design
"App is very slow during transfers, takes forever to process Please fix!","app is very slow during transfers, takes forever to process please fix!",5,2025-12-26,CBE,negative,0.4875000000000001,Transaction Performance
"App is very slow during transfers, takes forever to process Highly recommend.","app is very slow during transfers, takes forever to process highly recommend.",3,2026-01-19,CBE,negative,0.11500000000000003,Transaction Performance
App freezes on payment screen,app freezes on payment screen,2,2026-03-05,CBE,neutral,0.5,Transaction Performance
App freezes on payment screen Update needed.,app freezes on payment screen update needed.,3,2025-12-23,CBE,neutral,0.5,Transaction Performance
App freezes on payment screen Please fix!,app freezes on payment screen please fix!,3,2026-02-11,CBE,neutral,0.5,Transaction Performance
"Please add dark mode, it's hard on eyes at night Update needed.","please add dark mode, it's hard on eyes at night update needed.",2,2026-04-24,CBE,negative,0.22083333333333333,Feature Requests
Customer support helped me resolve my issue quickly Highly recommend.,customer support helped me resolve my issue quickly highly recommend.,3,2026-03-09,CBE,positive,0.16,Customer Support
Customer support helped me resolve my issue quickly Please fix!,customer support helped me resolve my issue quickly please fix!,3,2026-01-18,CBE,positive,0.41666666666666663,Customer Support
"Loading takes too long, need optimization Please fix!","loading takes too long, need optimization please fix!",4,2026-03-12,CBE,neutral,0.5,Other
"App is very slow during transfers, takes forever to process So frustrating.","app is very slow during transfers, takes forever to process so frustrating.",1,2026-02-16,CBE,negative,0.395,Transaction Performance
"Please add dark mode, it's hard on eyes at night So frustrating.","please add dark mode, it's hard on eyes at night so frustrating.",2,2026-04-20,CBE,negative,0.28055555555555556,Feature Requests
"Fast and secure, recommended for everyone Very disappointed.","fast and secure, recommended for everyone very disappointed.",3,2025-12-25,CBE,negative,0.125,Transaction Performance
"Love the interface, very user friendly and intuitive Great work!","love the interface, very user friendly and intuitive great work!",3,2026-05-02,CBE,positive,0.51875,UI and Design
"Love the interface, very user friendly and intuitive Highly recommend.","love the interface, very user friendly and intuitive highly recommend.",1,2026-02-20,CBE,positive,0.30874999999999997,UI and Design
"Great UI design, best banking app in Ethiopia So frustrating.","great ui design, best banking app in ethiopia so frustrating.",5,2026-04-09,CBE,positive,0.4666666666666666,UI and Design
Good app but needs fingerprint login feature Great work!,good app but needs fingerprint login feature great work!,4,2026-05-14,CBE,positive,0.85,Account Access
"OTP never arrives, please fix this issue urgently So frustrating.","otp never arrives, please fix this issue urgently so frustrating.",2,2025-12-01,CBE,negative,0.4,Account Access
Fingerprint login would make it perfect,fingerprint login would make it perfect,1,2026-05-13,CBE,positive,1.0,Account Access
"App is very slow during transfers, takes forever to process So frustrating.","app is very slow during transfers, takes forever to process so frustrating.",5,2026-02-15,CBE,negative,0.395,Transaction Performance
"Loading takes too long, need optimization Please fix!","loading takes too long, need optimization please fix!",5,2026-01-09,CBE,neutral,0.5,Other
Good app but needs fingerprint login feature Great work!,good app but needs fingerprint login feature great work!,1,2026-02-20,CBE,positive,0.85,Account Access
Customer support helped me resolve my issue quickly Highly recommend.,customer support helped me resolve my issue quickly highly recommend.,5,2026-03-28,CBE,positive,0.16,Customer Support
Very reliable for daily transactions So frustrating.,very reliable for daily transactions so frustrating.,4,2026-04-07,CBE,neutral,0.5,Transaction Performance
"OTP never arrives, please fix this issue urgently Very disappointed.","otp never arrives, please fix this issue urgently very disappointed.",4,2026-03-04,CBE,negative,0.9750000000000001,Account Access
"Please add dark mode, it's hard on eyes at night","please add dark mode, it's hard on eyes at night",4,2026-04-03,CBE,negative,0.22083333333333333,Feature Requests
"OTP never arrives, please fix this issue urgently So frustrating.","otp never arrives, please fix this issue urgently so frustrating.",5,2026-05-05,CBE,negative,0.4,Account Access
"OTP never arrives, please fix this issue urgently Update needed.","otp never arrives, please fix this issue urgently update needed.",3,2026-01-08,CBE,neutral,0.5,Account Access
"Great UI design, best banking app in Ethiopia Update needed.","great ui design, best banking app in ethiopia update needed.",5,2026-05-07,CBE,positive,0.9,UI and Design
Transaction failed multiple times today Very disappointed.,transaction failed multiple times today very disappointed.,2,2026-02-05,CBE,negative,0.4916666666666667,Transaction Performance
"Love the interface, very user friendly and intuitive Very disappointed.","love the interface, very user friendly and intuitive very disappointed.",5,2025-12-29,CBE,neutral,0.5,UI and Design
"Great UI design, best banking app in Ethiopia Great work!","great ui design, best banking app in ethiopia great work!",4,2026-04-14,CBE,positive,0.9333333333333332,UI and Design
App crashes when I try to pay bills,app crashes when i try to pay bills,1,2025-12-02,CBE,neutral,0.5,App Stability
"Login issues every time, very frustrating Very disappointed.","login issues every time, very frustrating very disappointed.",5,2026-05-13,CBE,negative,0.7475,Account Access
Transaction failed multiple times today Highly recommend.,transaction failed multiple times today highly recommend.,5,2026-02-13,CBE,negative,0.11333333333333333,Transaction Performance
"Loading takes too long, need optimization So frustrating.","loading takes too long, need optimization so frustrating.",5,2026-04-28,CBE,negative,0.225,Other
App crashes when I try to pay bills Very disappointed.,app crashes when i try to pay bills very disappointed.,4,2025-12-24,CBE,negative,0.9750000000000001,App Stability
Transaction failed multiple times today Highly recommend.,transaction failed multiple times today highly recommend.,5,2026-01-20,CBE,negative,0.11333333333333333,Transaction Performance
App crashes when I try to pay bills Update needed.,app crashes when i try to pay bills update needed.,4,2026-04-03,CBE,neutral,0.5,App Stability
"Login issues every time, very frustrating Update needed.","login issues every time, very frustrating update needed.",4,2026-02-25,CBE,negative,0.52,Account Access
"Please add dark mode, it's hard on eyes at night Great work!","please add dark mode, it's hard on eyes at night great work!",3,2026-03-18,CBE,positive,0.18611111111111112,Feature Requests
"Loading takes too long, need optimization So frustrating.","loading takes too long, need optimization so frustrating.",1,2026-01-03,CBE,negative,0.225,Other
App crashes when I try to pay bills Update needed.,app crashes when i try to pay bills update needed.,4,2026-03-25,CBE,neutral,0.5,App Stability
"App is very slow during transfers, takes forever to process Great work!","app is very slow during transfers, takes forever to process great work!",5,2026-03-31,CBE,positive,0.30499999999999994,Transaction Performance
Good app but needs fingerprint login feature,good app but needs fingerprint login feature,4,2026-02-11,CBE,positive,0.7,Account Access
"OTP never arrives, please fix this issue urgently Very disappointed.","otp never arrives, please fix this issue urgently very disappointed.",4,2026-03-14,CBE,negative,0.9750000000000001,Account Access
App crashes when I try to pay bills Very disappointed.,app crashes when i try to pay bills very disappointed.,3,2026-05-14,CBE,negative,0.9750000000000001,App Stability
Customer support helped me resolve my issue quickly Update needed.,customer support helped me resolve my issue quickly update needed.,5,2026-01-04,CBE,positive,0.3333333333333333,Customer Support
"Please add dark mode, it's hard on eyes at night Highly recommend.","please add dark mode, it's hard on eyes at night highly recommend.",4,2026-01-20,CBE,neutral,0.5,Feature Requests
"Login issues every time, very frustrating Please fix!","login issues every time, very frustrating please fix!",1,2026-05-18,CBE,negative,0.65,Account Access
App freezes on payment screen Very disappointed.,app freezes on payment screen very disappointed.,5,2026-02-17,CBE,negative,0.9750000000000001,Transaction Performance
"OTP never arrives, please fix this issue urgently Update needed.","otp never arrives, please fix this issue urgently update needed.",5,2026-04-29,CBE,neutral,0.5,Account Access
"App is very slow during transfers, takes forever to process So frustrating.","app is very slow during transfers, takes forever to process so frustrating.",1,2025-11-27,CBE,negative,0.395,Transaction Performance
Transaction failed multiple times today Great work!,transaction failed multiple times today great work!,5,2026-04-24,CBE,positive,0.16666666666666666,Transaction Performance
Customer support helped me resolve my issue quickly So frustrating.,customer support helped me resolve my issue quickly so frustrating.,4,2025-12-01,CBE,negative,0.4,Customer Support
"App is very slow during transfers, takes forever to process","app is very slow during transfers, takes forever to process",4,2025-12-12,CBE,negative,0.39000000000000007,Transaction Performance
Fingerprint login would make it perfect Very disappointed.,fingerprint login would make it perfect very disappointed.,4,2025-12-13,CBE,neutral,0.5,Account Access
"Love the interface, very user friendly and intuitive","love the interface, very user friendly and intuitive",5,2025-11-27,CBE,positive,0.35833333333333334,UI and Design
Fingerprint login would make it perfect Very disappointed.,fingerprint login would make it perfect very disappointed.,4,2026-01-20,CBE,neutral,0.5,Account Access
Good app but needs fingerprint login feature So frustrating.,good app but needs fingerprint login feature so frustrating.,3,2026-04-06,CBE,positive,0.14999999999999997,Account Access
"Great UI design, best banking app in Ethiopia Update needed.","great ui design, best banking app in ethiopia update needed.",1,2026-04-14,CBE,positive,0.9,UI and Design
Fingerprint login would make it perfect So frustrating.,fingerprint login would make it perfect so frustrating.,4,2026-03-24,CBE,positive,0.3,Account Access
"OTP never arrives, please fix this issue urgently Great work!","otp never arrives, please fix this issue urgently great work!",4,2026-01-23,CBE,positive,1.0,Account Access
App freezes on payment screen Highly recommend.,app freezes on payment screen highly recommend.,1,2026-04-18,CBE,positive,0.16,Transaction Performance
"OTP never arrives, please fix this issue urgently Great work!","otp never arrives, please fix this issue urgently great work!",2,2026-04-12,CBE,positive,1.0,Account Access
Fingerprint login would make it perfect Please fix!,fingerprint login would make it perfect please fix!,5,2026-01-28,CBE,positive,1.0,Account Access
"Fast and secure, recommended for everyone Update needed.","fast and secure, recommended for everyone update needed.",3,2025-12-09,CBE,positive,0.30000000000000004,Transaction Performance
"App is very slow during transfers, takes forever to process Please fix!","app is very slow during transfers, takes forever to process please fix!",4,2026-03-20,CBE,negative,0.4875000000000001,Transaction Performance
"Loading takes too long, need optimization Highly recommend.","loading takes too long, need optimization highly recommend.",1,2025-11-21,CBE,neutral,0.5,Other
Very reliable for daily transactions Please fix!,very reliable for daily transactions please fix!,2,2026-04-14,CBE,positive,0.1,Transaction Performance
"Great UI design, best banking app in Ethiopia Please fix!","great ui design, best banking app in ethiopia please fix!",1,2025-12-26,CBE,positive,0.9,UI and Design
"Please add dark mode, it's hard on eyes at night Highly recommend.","please add dark mode, it's hard on eyes at night highly recommend.",2,2026-03-19,CBE,neutral,0.5,Feature Requests
Good app but needs fingerprint login feature So frustrating.,good app but needs fingerprint login feature so frustrating.,3,2025-12-08,CBE,positive,0.14999999999999997,Account Access
App crashes when I try to pay bills,app crashes when i try to pay bills,1,2026-05-14,CBE,neutral,0.5,App Stability
Fingerprint login would make it perfect So frustrating.,fingerprint login would make it perfect so frustrating.,5,2025-12-26,CBE,positive,0.3,Account Access
"Login issues every time, very frustrating Great work!","login issues every time, very frustrating great work!",4,2026-01-27,CBE,positive,0.24,Account Access
Good app but needs fingerprint login feature,good app but needs fingerprint login feature,3,2026-04-06,CBE,positive,0.7,Account Access
"Fast and secure, recommended for everyone Great work!","fast and secure, recommended for everyone great work!",5,2026-03-19,CBE,positive,0.5333333333333333,Transaction Performance
"Login issues every time, very frustrating Very disappointed.","login issues every time, very frustrating very disappointed.",3,2025-11-25,CBE,negative,0.7475,Account Access
Very reliable for daily transactions Please fix!,very reliable for daily transactions please fix!,1,2026-03-05,CBE,positive,0.1,Transaction Performance
App freezes on payment screen Update needed.,app freezes on payment screen update needed.,5,2026-03-15,CBE,neutral,0.5,Transaction Performance
App crashes when I try to pay bills Great work!,app crashes when i try to pay bills great work!,3,2025-11-23,CBE,positive,1.0,App Stability
"Fast and secure, recommended for everyone Highly recommend.","fast and secure, recommended for everyone highly recommend.",4,2026-01-18,CBE,positive,0.25333333333333335,Transaction Performance
"Love the interface, very user friendly and intuitive Please fix!","love the interface, very user friendly and intuitive please fix!",5,2026-02-07,CBE,positive,0.38958333333333334,UI and Design
Customer support helped me resolve my issue quickly Great work!,customer support helped me resolve my issue quickly great work!,5,2026-02-12,CBE,positive,1.0,Customer Support
"Love the interface, very user friendly and intuitive Very disappointed.","love the interface, very user friendly and intuitive very disappointed.",1,2026-01-26,CBE,neutral,0.5,UI and Design
"Fast and secure, recommended for everyone Update needed.","fast and secure, recommended for everyone update needed.",3,2026-01-16,CBE,positive,0.30000000000000004,Transaction Performance
"Great UI design, best banking app in Ethiopia Highly recommend.","great ui design, best banking app in ethiopia highly recommend.",5,2026-02-01,CBE,positive,0.6533333333333333,UI and Design
"Great UI design, best banking app in Ethiopia Very disappointed.","great ui design, best banking app in ethiopia very disappointed.",5,2026-02-20,CBE,positive,0.27499999999999997,UI and Design
App crashes when I try to pay bills Update needed.,app crashes when i try to pay bills update needed.,4,2025-12-31,CBE,neutral,0.5,App Stability
"Love the interface, very user friendly and intuitive","love the interface, very user friendly and intuitive",2,2026-05-13,CBE,positive,0.35833333333333334,UI and Design
"Loading takes too long, need optimization","loading takes too long, need optimization",3,2026-04-29,CBE,neutral,0.5,Other
"OTP never arrives, please fix this issue urgently Great work!","otp never arrives, please fix this issue urgently great work!",1,2025-12-07,CBE,positive,1.0,Account Access
"Please add dark mode, it's hard on eyes at night Update needed.","please add dark mode, it's hard on eyes at night update needed.",5,2025-12-15,CBE,negative,0.22083333333333333,Feature Requests
"Love the interface, very user friendly and intuitive Highly recommend.","love the interface, very user friendly and intuitive highly recommend.",5,2025-11-24,CBE,positive,0.30874999999999997,UI and Design
"Loading takes too long, need optimization","loading takes too long, need optimization",5,2026-04-17,CBE,neutral,0.5,Other
Transaction failed multiple times today Update needed.,transaction failed multiple times today update needed.,4,2026-02-09,CBE,negative,0.25,Transaction Performance
"Please add dark mode, it's hard on eyes at night Highly recommend.","please add dark mode, it's hard on eyes at night highly recommend.",3,2026-03-27,CBE,neutral,0.5,Feature Requests
Good app but needs fingerprint login feature Update needed.,good app but needs fingerprint login feature update needed.,1,2026-05-01,CBE,positive,0.7,Account Access
"Love the interface, very user friendly and intuitive Very disappointed.","love the interface, very user friendly and intuitive very disappointed.",4,2026-02-20,CBE,neutral,0.5,UI and Design
"OTP never arrives, please fix this issue urgently Great work!","otp never arrives, please fix this issue urgently great work!",4,2026-01-20,CBE,positive,1.0,Account Access
Customer support helped me resolve my issue quickly Very disappointed.,customer support helped me resolve my issue quickly very disappointed.,5,2026-04-13,CBE,negative,0.9750000000000001,Customer Support
"Loading takes too long, need optimization Update needed.","loading takes too long, need optimization update needed.",5,2026-02-10,CBE,neutral,0.5,Other
"Love the interface, very user friendly and intuitive Very disappointed.","love the interface, very user friendly and intuitive very disappointed.",1,2025-12-18,CBE,neutral,0.5,UI and Design
Good app but needs fingerprint login feature Very disappointed.,good app but needs fingerprint login feature very disappointed.,3,2026-02-14,CBE,negative,0.13750000000000007,Account Access
"App is very slow during transfers, takes forever to process Highly recommend.","app is very slow during transfers, takes forever to process highly recommend.",2,2026-02-18,CBE,negative,0.11500000000000003,Transaction Performance
"Loading takes too long, need optimization","loading takes too long, need optimization",5,2026-05-16,CBE,neutral,0.5,Other
"Love the interface, very user friendly and intuitive","love the interface, very user friendly and intuitive",5,2025-11-29,CBE,positive,0.35833333333333334,UI and Design
"App is very slow during transfers, takes forever to process So frustrating.","app is very slow during transfers, takes forever to process so frustrating.",5,2026-03-28,CBE,negative,0.395,Transaction Performance
"Please add dark mode, it's hard on eyes at night Highly recommend.","please add dark mode, it's hard on eyes at night highly recommend.",1,2026-01-11,CBE,neutral,0.5,Feature Requests
"Please add dark mode, it's hard on eyes at night So frustrating.","please add dark mode, it's hard on eyes at night so frustrating.",5,2026-01-19,CBE,negative,0.28055555555555556,Feature Requests
Very reliable for daily transactions So frustrating.,very reliable for daily transactions so frustrating.,5,2026-03-12,CBE,neutral,0.5,Transaction Performance
"Fast and secure, recommended for everyone","fast and secure, recommended for everyone",5,2025-12-24,CBE,positive,0.30000000000000004,Transaction Performance
App crashes when I try to pay bills Very disappointed.,app crashes when i try to pay bills very disappointed.,4,2025-12-21,CBE,negative,0.9750000000000001,App Stability
Good app but needs fingerprint login feature Very disappointed.,good app but needs fingerprint login feature very disappointed.,5,2025-11-21,CBE,negative,0.13750000000000007,Account Access
App crashes when I try to pay bills So frustrating.,app crashes when i try to pay bills so frustrating.,3,2026-01-02,CBE,negative,0.4,App Stability
"App is very slow during transfers, takes forever to process Very disappointed.","app is very slow during transfers, takes forever to process very disappointed.",1,2025-11-26,CBE,negative,0.6825000000000001,Transaction Performance
Transaction failed multiple times today Update needed.,transaction failed multiple times today update needed.,5,2026-01-18,CBE,negative,0.25,Transaction Performance
App crashes when I try to pay bills Highly recommend.,app crashes when i try to pay bills highly recommend.,1,2025-12-15,CBE,positive,0.16,App Stability
Very reliable for daily transactions So frustrating.,very reliable for daily transactions so frustrating.,2,2025-11-24,CBE,neutral,0.5,Transaction Performance
Fingerprint login would make it perfect Great work!,fingerprint login would make it perfect great work!,5,2025-12-18,CBE,positive,1.0,Account Access
"OTP never arrives, please fix this issue urgently Please fix!","otp never arrives, please fix this issue urgently please fix!",1,2026-03-17,CBE,neutral,0.5,Account Access
Good app but needs fingerprint login feature,good app but needs fingerprint login feature,5,2026-03-15,CBE,positive,0.7,Account Access
Customer support helped me resolve my issue quickly So frustrating.,customer support helped me resolve my issue quickly so frustrating.,4,2026-01-31,CBE,negative,0.4,Customer Support
Very reliable for daily transactions Please fix!,very reliable for daily transactions please fix!,4,2026-04-08,CBE,positive,0.1,Transaction Performance
Fingerprint login would make it perfect Very disappointed.,fingerprint login would make it perfect very disappointed.,3,2025-12-25,CBE,neutral,0.5,Account Access
"Login issues every time, very frustrating Very disappointed.","login issues every time, very frustrating very disappointed.",3,2026-04-27,CBE,negative,0.7475,Account Access
Customer support helped me resolve my issue quickly,customer support helped me resolve my issue quickly,4,2026-02-27,CBE,positive,0.3333333333333333,Customer Support
"OTP never arrives, please fix this issue urgently Update needed.","otp never arrives, please fix this issue urgently update needed.",2,2026-03-27,CBE,neutral,0.5,Account Access
"Loading takes too long, need optimization Very disappointed.","loading takes too long, need optimization very disappointed.",5,2026-04-25,CBE,negative,0.5125000000000001,Other
"Loading takes too long, need optimization So frustrating.","loading takes too long, need optimization so frustrating.",3,2025-12-24,CBE,negative,0.225,Other
Very reliable for daily transactions Highly recommend.,very reliable for daily transactions highly recommend.,4,2026-03-22,CBE,positive,0.12,Transaction Performance
App crashes when I try to pay bills So frustrating.,app crashes when i try to pay bills so frustrating.,4,2026-05-08,CBE,negative,0.4,App Stability
Very reliable for daily transactions,very reliable for daily transactions,5,2026-04-05,CBE,positive,0.1,Transaction Performance
"App is very slow during transfers, takes forever to process Highly recommend.","app is very slow during transfers, takes forever to process highly recommend.",2,2026-04-25,CBE,negative,0.11500000000000003,Transaction Performance
Fingerprint login would make it perfect Update needed.,fingerprint login would make it perfect update needed.,5,2026-04-30,CBE,positive,1.0,Account Access
App freezes on payment screen,app freezes on payment screen,3,2025-12-04,CBE,neutral,0.5,Transaction Performance
Very reliable for daily transactions So frustrating.,very reliable for daily transactions so frustrating.,4,2026-05-08,CBE,neutral,0.5,Transaction Performance
"Love the interface, very user friendly and intuitive So frustrating.","love the interface, very user friendly and intuitive so frustrating.",4,2025-12-29,CBE,positive,0.16874999999999998,UI and Design
"Please add dark mode, it's hard on eyes at night Update needed.","please add dark mode, it's hard on eyes at night update needed.",5,2026-03-11,CBE,negative,0.22083333333333333,Feature Requests
"Login issues every time, very frustrating Great work!","login issues every time, very frustrating great work!",5,2025-12-31,CBE,positive,0.24,Account Access
App freezes on payment screen So frustrating.,app freezes on payment screen so frustrating.,4,2026-02-06,CBE,negative,0.4,Transaction Performance
"App is very slow during transfers, takes forever to process Update needed.","app is very slow during transfers, takes forever to process update needed.",4,2026-01-01,CBE,negative,0.39000000000000007,Transaction Performance
"Fast and secure, recommended for everyone","fast and secure, recommended for everyone",3,2026-04-24,CBE,positive,0.30000000000000004,Transaction Performance
"Great UI design, best banking app in Ethiopia","great ui design, best banking app in ethiopia",1,2026-04-12,CBE,positive,0.9,UI and Design
"Fast and secure, recommended for everyone","fast and secure, recommended for everyone",3,2025-12-06,CBE,positive,0.30000000000000004,Transaction Performance
Good app but needs fingerprint login feature Great work!,good app but needs fingerprint login feature great work!,4,2026-02-08,CBE,positive,0.85,Account Access
Fingerprint login would make it perfect Highly recommend.,fingerprint login would make it perfect highly recommend.,4,2026-01-15,CBE,positive,0.58,Account Access
"Love the interface, very user friendly and intuitive Very disappointed.","love the interface, very user friendly and intuitive very disappointed.",2,2025-12-11,CBE,neutral,0.5,UI and Design
Transaction failed multiple times today Update needed.,transaction failed multiple times today update needed.,4,2025-11-21,CBE,negative,0.25,Transaction Performance
"Love the interface, very user friendly and intuitive Highly recommend.","love the interface, very user friendly and intuitive highly recommend.",5,2025-12-14,CBE,positive,0.30874999999999997,UI and Design
Transaction failed multiple times today So frustrating.,transaction failed multiple times today so frustrating.,5,2026-03-04,CBE,negative,0.3,Transaction Performance
"Great UI design, best banking app in Ethiopia So frustrating.","great ui design, best banking app in ethiopia so frustrating.",2,2026-04-03,CBE,positive,0.4666666666666666,UI and Design
"Great UI design, best banking app in Ethiopia","great ui design, best banking app in ethiopia",1,2025-12-06,CBE,positive,0.9,UI and Design
"Loading takes too long, need optimization Great work!","loading takes too long, need optimization great work!",5,2026-03-13,CBE,positive,0.475,Other
"Loading takes too long, need optimization","loading takes too long, need optimization",4,2026-05-18,CBE,neutral,0.5,Other
"Login issues every time, very frustrating Update needed.","login issues every time, very frustrating update needed.",3,2025-11-20,CBE,negative,0.52,Account Access
Transaction failed multiple times today Please fix!,transaction failed multiple times today please fix!,4,2025-11-20,CBE,negative,0.25,Transaction Performance
Transaction failed multiple times today,transaction failed multiple times today,2,2026-03-12,CBE,negative,0.25,Transaction Performance
App crashes when I try to pay bills Highly recommend.,app crashes when i try to pay bills highly recommend.,1,2026-02-19,CBE,positive,0.16,App Stability
"Please add dark mode, it's hard on eyes at night Great work!","please add dark mode, it's hard on eyes at night great work!",3,2026-05-05,CBE,positive,0.18611111111111112,Feature Requests
Transaction failed multiple times today Very disappointed.,transaction failed multiple times today very disappointed.,2,2025-11-27,CBE,negative,0.4916666666666667,Transaction Performance
"Fast and secure, recommended for everyone So frustrating.","fast and secure, recommended for everyone so frustrating.",5,2025-11-29,CBE,neutral,0.5,Transaction Performance
"Login issues every time, very frustrating So frustrating.","login issues every time, very frustrating so frustrating.",3,2025-12-26,CBE,negative,0.46,Account Access
Transaction failed multiple times today Update needed.,transaction failed multiple times today update needed.,5,2026-04-26,CBE,negative,0.25,Transaction Performance
"Fast and secure, recommended for everyone Update needed.","fast and secure, recommended for everyone update needed.",5,2026-05-06,CBE,positive,0.30000000000000004,Transaction Performance
App freezes on payment screen So frustrating.,app freezes on payment screen so frustrating.,5,2026-02-28,CBE,negative,0.4,Transaction Performance
Very reliable for daily transactions,very reliable for daily transactions,1,2025-11-26,CBE,positive,0.1,Transaction Performance
Very reliable for daily transactions Highly recommend.,very reliable for daily transactions highly recommend.,5,2026-02-26,CBE,positive,0.12,Transaction Performance
Customer support helped me resolve my issue quickly Very disappointed.,customer support helped me resolve my issue quickly very disappointed.,1,2026-02-13,CBE,negative,0.9750000000000001,Customer Support
"Loading takes too long, need optimization Great work!","loading takes too long, need optimization great work!",5,2025-11-27,CBE,positive,0.475,Other
"Fast and secure, recommended for everyone","fast and secure, recommended for everyone",1,2026-03-03,CBE,positive,0.30000000000000004,Transaction Performance
"Loading takes too long, need optimization Great work!","loading takes too long, need optimization great work!",2,2026-03-19,CBE,positive,0.475,Other
"Fast and secure, recommended for everyone","fast and secure, recommended for everyone",3,2025-12-15,CBE,positive,0.30000000000000004,Transaction Performance
Customer support helped me resolve my issue quickly,customer support helped me resolve my issue quickly,1,2026-03-27,CBE,positive,0.3333333333333333,Customer Support
"Loading takes too long, need optimization","loading takes too long, need optimization",3,2026-02-08,CBE,neutral,0.5,Other
Transaction failed multiple times today So frustrating.,transaction failed multiple times today so frustrating.,4,2026-01-11,CBE,negative,0.3,Transaction Performance
Very reliable for daily transactions So frustrating.,very reliable for daily transactions so frustrating.,4,2026-03-01,CBE,neutral,0.5,Transaction Performance
"Loading takes too long, need optimization Great work!","loading takes too long, need optimization great work!",5,2026-05-13,CBE,positive,0.475,Other
"App is very slow during transfers, takes forever to process","app is very slow during transfers, takes forever to process",5,2026-02-19,CBE,negative,0.39000000000000007,Transaction Performance
App freezes on payment screen Very disappointed.,app freezes on payment screen very disappointed.,5,2026-01-30,CBE,negative,0.9750000000000001,Transaction Performance
App freezes on payment screen Update needed.,app freezes on payment screen update needed.,4,2025-11-22,CBE,neutral,0.5,Transaction Performance
"Please add dark mode, it's hard on eyes at night So frustrating.","please add dark mode, it's hard on eyes at night so frustrating.",4,2025-12-20,CBE,negative,0.28055555555555556,Feature Requests
Customer support helped me resolve my issue quickly Update needed.,customer support helped me resolve my issue quickly update needed.,4,2026-03-19,CBE,positive,0.3333333333333333,Customer Support
Fingerprint login would make it perfect Please fix!,fingerprint login would make it perfect please fix!,5,2026-03-15,CBE,positive,1.0,Account Access
"Please add dark mode, it's hard on eyes at night Please fix!","please add dark mode, it's hard on eyes at night please fix!",4,2025-11-20,CBE,negative,0.2572916666666667,Feature Requests
"Great UI design, best banking app in Ethiopia Highly recommend.","great ui design, best banking app in ethiopia highly recommend.",4,2026-02-10,CBE,positive,0.6533333333333333,UI and Design
Good app but needs fingerprint login feature Great work!,good app but needs fingerprint login feature great work!,4,2026-03-05,CBE,positive,0.85,Account Access
App crashes when I try to pay bills Update needed.,app crashes when i try to pay bills update needed.,3,2026-03-01,CBE,neutral,0.5,App Stability
Good app but needs fingerprint login feature Update needed.,good app but needs fingerprint login feature update needed.,2,2026-04-27,CBE,positive,0.7,Account Access
Very reliable for daily transactions Update needed.,very reliable for daily transactions update needed.,3,2025-12-28,CBE,positive,0.1,Transaction Performance
"Loading takes too long, need optimization Update needed.","loading takes too long, need optimization update needed.",3,2026-01-30,CBE,neutral,0.5,Other
Transaction failed multiple times today Very disappointed.,transaction failed multiple times today very disappointed.,5,2026-02-26,CBE,negative,0.4916666666666667,Transaction Performance
Transaction failed multiple times today Great work!,transaction failed multiple times today great work!,1,2026-04-19,CBE,positive,0.16666666666666666,Transaction Performance
Customer support helped me resolve my issue quickly So frustrating.,customer support helped me resolve my issue quickly so frustrating.,3,2026-03-16,CBE,negative,0.4,Customer Support
"Love the interface, very user friendly and intuitive","love the interface, very user friendly and intuitive",4,2026-02-15,CBE,positive,0.35833333333333334,UI and Design
App crashes when I try to pay bills,app crashes when i try to pay bills,5,2026-01-07,CBE,neutral,0.5,App Stability
"App is very slow during transfers, takes forever to process Update needed.","app is very slow during transfers, takes forever to process update needed.",4,2026-04-22,CBE,negative,0.39000000000000007,Transaction Performance
"Fast and secure, recommended for everyone Great work!","fast and secure, recommended for everyone great work!",3,2025-12-14,CBE,positive,0.5333333333333333,Transaction Performance
App crashes when I try to pay bills Very disappointed.,app crashes when i try to pay bills very disappointed.,3,2026-04-28,CBE,negative,0.9750000000000001,App Stability
"Please add dark mode, it's hard on eyes at night Very disappointed.","please add dark mode, it's hard on eyes at night very disappointed.",5,2026-01-11,CBE,negative,0.47222222222222227,Feature Requests
"Fast and secure, recommended for everyone So frustrating.","fast and secure, recommended for everyone so frustrating.",5,2026-01-03,CBE,neutral,0.5,Transaction Performance
Customer support helped me resolve my issue quickly Highly recommend.,customer support helped me resolve my issue quickly highly recommend.,4,2026-01-29,CBE,positive,0.16,Customer Support
"Please add dark mode, it's hard on eyes at night Update needed.","please add dark mode, it's hard on eyes at night update needed.",3,2026-03-28,CBE,negative,0.22083333333333333,Feature Requests
Customer support helped me resolve my issue quickly So frustrating.,customer support helped me resolve my issue quickly so frustrating.,5,2026-04-22,CBE,negative,0.4,Customer Support
"Love the interface, very user friendly and intuitive","love the interface, very user friendly and intuitive",3,2026-03-05,CBE,positive,0.35833333333333334,UI and Design
Transaction failed multiple times today Very disappointed.,transaction failed multiple times today very disappointed.,4,2026-04-20,CBE,negative,0.4916666666666667,Transaction Performance
"OTP never arrives, please fix this issue urgently Great work!","otp never arrives, please fix this issue urgently great work!",3,2026-02-10,CBE,positive,1.0,Account Access
App crashes when I try to pay bills Please fix!,app crashes when i try to pay bills please fix!,5,2026-01-08,CBE,neutral,0.5,App Stability
"Please add dark mode, it's hard on eyes at night Please fix!","please add dark mode, it's hard on eyes at night please fix!",1,2026-01-04,CBE,negative,0.2572916666666667,Feature Requests
Good app but needs fingerprint login feature So frustrating.,good app but needs fingerprint login feature so frustrating.,4,2026-02-07,CBE,positive,0.14999999999999997,Account Access
"Please add dark mode, it's hard on eyes at night Please fix!","please add dark mode, it's hard on eyes at night please fix!",1,2026-05-06,CBE,negative,0.2572916666666667,Feature Requests
"Loading takes too long, need optimization Great work!","loading takes too long, need optimization great work!",5,2025-11-29,CBE,positive,0.475,Other
"Login issues every time, very frustrating Very disappointed.","login issues every time, very frustrating very disappointed.",5,2026-04-08,CBE,negative,0.7475,Account Access
"App is very slow during transfers, takes forever to process","app is very slow during transfers, takes forever to process",5,2025-12-24,CBE,negative,0.39000000000000007,Transaction Performance
Good app but needs fingerprint login feature Please fix!,good app but needs fingerprint login feature please fix!,5,2026-03-27,CBE,positive,0.875,Account Access
Customer support helped me resolve my issue quickly So frustrating.,customer support helped me resolve my issue quickly so frustrating.,5,2026-03-28,CBE,negative,0.4,Customer Support
"Loading takes too long, need optimization Great work!","loading takes too long, need optimization great work!",5,2026-04-01,CBE,positive,0.475,Other
Customer support helped me resolve my issue quickly,customer support helped me resolve my issue quickly,5,2026-03-27,CBE,positive,0.3333333333333333,Customer Support
"Great UI design, best banking app in Ethiopia","great ui design, best banking app in ethiopia",5,2026-01-26,CBE,positive,0.9,UI and Design
App crashes when I try to pay bills So frustrating.,app crashes when i try to pay bills so frustrating.,5,2025-12-24,CBE,negative,0.4,App Stability
"Please add dark mode, it's hard on eyes at night So frustrating.","please add dark mode, it's hard on eyes at night so frustrating.",3,2026-02-15,CBE,negative,0.28055555555555556,Feature Requests
"Fast and secure, recommended for everyone Highly recommend.","fast and secure, recommended for everyone highly recommend.",3,2026-03-27,CBE,positive,0.25333333333333335,Transaction Performance
App crashes when I try to pay bills Highly recommend.,app crashes when i try to pay bills highly recommend.,2,2026-03-25,CBE,positive,0.16,App Stability
Good app but needs fingerprint login feature So frustrating.,good app but needs fingerprint login feature so frustrating.,1,2025-12-08,CBE,positive,0.14999999999999997,Account Access
"App is very slow during transfers, takes forever to process Great work!","app is very slow during transfers, takes forever to process great work!",2,2026-01-19,CBE,positive,0.30499999999999994,Transaction Performance
"App is very slow during transfers, takes forever to process Please fix!","app is very slow during transfers, takes forever to process please fix!",5,2026-02-22,CBE,negative,0.4875000000000001,Transaction Performance
App crashes when I try to pay bills Great work!,app crashes when i try to pay bills great work!,5,2025-11-26,CBE,positive,1.0,App Stability
"Please add dark mode, it's hard on eyes at night So frustrating.","please add dark mode, it's hard on eyes at night so frustrating.",4,2025-11-27,CBE,negative,0.28055555555555556,Feature Requests
"Love the interface, very user friendly and intuitive Very disappointed.","love the interface, very user friendly and intuitive very disappointed.",4,2026-04-15,CBE,neutral,0.5,UI and Design
"Great UI design, best banking app in Ethiopia Update needed.","great ui design, best banking app in ethiopia update needed.",3,2026-04-05,CBE,positive,0.9,UI and Design
"Login issues every time, very frustrating Please fix!","login issues every time, very frustrating please fix!",5,2025-12-30,CBE,negative,0.65,Account Access
App crashes when I try to pay bills Please fix!,app crashes when i try to pay bills please fix!,1,2026-01-04,CBE,neutral,0.5,App Stability
"Please add dark mode, it's hard on eyes at night Update needed.","please add dark mode, it's hard on eyes at night update needed.",4,2026-03-11,CBE,negative,0.22083333333333333,Feature Requests
App crashes when I try to pay bills Very disappointed.,app crashes when i try to pay bills very disappointed.,5,2026-01-07,CBE,negative,0.9750000000000001,App Stability
Customer support helped me resolve my issue quickly Great work!,customer support helped me resolve my issue quickly great work!,2,2026-04-05,CBE,positive,1.0,Customer Support
"Please add dark mode, it's hard on eyes at night","please add dark mode, it's hard on eyes at night",2,2026-01-29,CBE,negative,0.22083333333333333,Feature Requests
"OTP never arrives, please fix this issue urgently Update needed.","otp never arrives, please fix this issue urgently update needed.",2,2026-03-01,CBE,neutral,0.5,Account Access
"Love the interface, very user friendly and intuitive Great work!","love the interface, very user friendly and intuitive great work!",4,2026-05-17,CBE,positive,0.51875,UI and Design
"Please add dark mode, it's hard on eyes at night So frustrating.","please add dark mode, it's hard on eyes at night so frustrating.",1,2026-04-02,CBE,negative,0.28055555555555556,Feature Requests
"OTP never arrives, please fix this issue urgently Please fix!","otp never arrives, please fix this issue urgently please fix!",4,2026-02-07,CBE,neutral,0.5,Account Access
"Great UI design, best banking app in Ethiopia Update needed.","great ui design, best banking app in ethiopia update needed.",3,2025-12-15,CBE,positive,0.9,UI and Design
"Please add dark mode, it's hard on eyes at night So frustrating.","please add dark mode, it's hard on eyes at night so frustrating.",5,2026-01-15,CBE,negative,0.28055555555555556,Feature Requests
"Great UI design, best banking app in Ethiopia So frustrating.","great ui design, best banking app in ethiopia so frustrating.",4,2026-04-17,CBE,positive,0.4666666666666666,UI and Design
"Login issues every time, very frustrating Please fix!","login issues every time, very frustrating please fix!",4,2026-01-03,CBE,negative,0.65,Account Access
"App is very slow during transfers, takes forever to process Update needed.","app is very slow during transfers, takes forever to process update needed.",4,2026-04-06,CBE,negative,0.39000000000000007,Transaction Performance
"Loading takes too long, need optimization Update needed.","loading takes too long, need optimization update needed.",4,2026-02-27,CBE,neutral,0.5,Other
Customer support helped me resolve my issue quickly,customer support helped me resolve my issue quickly,4,2025-11-26,CBE,positive,0.3333333333333333,Customer Support
"Fast and secure, recommended for everyone","fast and secure, recommended for everyone",4,2025-11-20,CBE,positive,0.30000000000000004,Transaction Performance
App freezes on payment screen Update needed.,app freezes on payment screen update needed.,4,2026-05-10,CBE,neutral,0.5,Transaction Performance
"Please add dark mode, it's hard on eyes at night Great work!","please add dark mode, it's hard on eyes at night great work!",1,2026-03-02,CBE,positive,0.18611111111111112,Feature Requests
"Fast and secure, recommended for everyone Highly recommend.","fast and secure, recommended for everyone highly recommend.",1,2025-11-26,CBE,positive,0.25333333333333335,Transaction Performance
Good app but needs fingerprint login feature Very disappointed.,good app but needs fingerprint login feature very disappointed.,5,2026-03-13,CBE,negative,0.13750000000000007,Account Access
"Great UI design, best banking app in Ethiopia","great ui design, best banking app in ethiopia",4,2026-04-28,CBE,positive,0.9,UI and Design
Very reliable for daily transactions Update needed.,very reliable for daily transactions update needed.,3,2025-12-28,CBE,positive,0.1,Transaction Performance
"Loading takes too long, need optimization Update needed.","loading takes too long, need optimization update needed.",3,2026-02-06,CBE,neutral,0.5,Other
"Fast and secure, recommended for everyone So frustrating.","fast and secure, recommended for everyone so frustrating.",5,2026-03-25,CBE,neutral,0.5,Transaction Performance
"OTP never arrives, please fix this issue urgently Update needed.","otp never arrives, please fix this issue urgently update needed.",3,2026-04-06,CBE,neutral,0.5,Account Access
"Fast and secure, recommended for everyone So frustrating.","fast and secure, recommended for everyone so frustrating.",5,2026-04-02,CBE,neutral,0.5,Transaction Performance
"Great UI design, best banking app in Ethiopia Please fix!","great ui design, best banking app in ethiopia please fix!",3,2026-04-05,CBE,positive,0.9,UI and Design
App freezes on payment screen Highly recommend.,app freezes on payment screen highly recommend.,3,2025-12-02,CBE,positive,0.16,Transaction Performance
Very reliable for daily transactions Very disappointed.,very reliable for daily transactions very disappointed.,3,2025-12-07,CBE,negative,0.25833333333333336,Transaction Performance
App freezes on payment screen Highly recommend.,app freezes on payment screen highly recommend.,4,2026-04-16,CBE,positive,0.16,Transaction Performance
App crashes when I try to pay bills So frustrating.,app crashes when i try to pay bills so frustrating.,2,2026-02-12,CBE,negative,0.4,App Stability
Customer support helped me resolve my issue quickly Please fix!,customer support helped me resolve my issue quickly please fix!,5,2026-03-25,CBE,positive,0.41666666666666663,Customer Support
"Fast and secure, recommended for everyone Update needed.","fast and secure, recommended for everyone update needed.",5,2025-12-21,CBE,positive,0.30000000000000004,Transaction Performance
App crashes when I try to pay bills So frustrating.,app crashes when i try to pay bills so frustrating.,4,2025-12-26,CBE,negative,0.4,App Stability
"Login issues every time, very frustrating Highly recommend.","login issues every time, very frustrating highly recommend.",5,2026-02-12,CBE,negative,0.18,Account Access
Good app but needs fingerprint login feature Highly recommend.,good app but needs fingerprint login feature highly recommend.,5,2026-05-16,CBE,positive,0.43,Account Access
Fingerprint login would make it perfect Highly recommend.,fingerprint login would make it perfect highly recommend.,5,2026-05-07,CBE,positive,0.58,Account Access
"OTP never arrives, please fix this issue urgently Highly recommend.","otp never arrives, please fix this issue urgently highly recommend.",5,2026-03-28,CBE,positive,0.16,Account Access
"Fast and secure, recommended for everyone Great work!","fast and secure, recommended for everyone great work!",4,2025-11-30,CBE,positive,0.5333333333333333,Transaction Performance
Transaction failed multiple times today Update needed.,transaction failed multiple times today update needed.,4,2026-03-18,CBE,negative,0.25,Transaction Performance
"OTP never arrives, please fix this issue urgently Update needed.","otp never arrives, please fix this issue urgently update needed.",3,2026-05-14,CBE,neutral,0.5,Account Access
"Slow loading during transfers, takes forever Please fix!","slow loading during transfers, takes forever please fix!",3,2026-01-31,BOA,negative,0.37500000000000006,Transaction Performance
"UI is confusing, not user friendly Update needed.","ui is confusing, not user friendly update needed.",4,2025-11-22,BOA,neutral,0.5,UI and Design
"Unable to check balance, shows error Please fix!","unable to check balance, shows error please fix!",1,2025-11-22,BOA,negative,0.625,Account Access
"Slow loading during transfers, takes forever Highly recommend.","slow loading during transfers, takes forever highly recommend.",2,2026-01-15,BOA,neutral,0.5,Transaction Performance
App freezes on payment screen every time Highly recommend.,app freezes on payment screen every time highly recommend.,3,2026-02-12,BOA,positive,0.16,Transaction Performance
Customer support is helpful but app needs work Please fix!,customer support is helpful but app needs work please fix!,4,2026-01-02,BOA,neutral,0.5,Customer Support
Support team resolved my issue in 10 minutes Update needed.,support team resolved my issue in minutes update needed.,2,2026-02-12,BOA,neutral,0.5,Customer Support
Please add QR payment feature Highly recommend.,please add qr payment feature highly recommend.,2,2026-01-24,BOA,positive,0.16,Feature Requests
App freezes on payment screen every time Great work!,app freezes on payment screen every time great work!,2,2026-01-03,BOA,positive,1.0,Transaction Performance
Fingerprint login would be great addition Please fix!,fingerprint login would be great addition please fix!,4,2026-04-19,BOA,positive,1.0,Feature Requests
"Slow loading during transfers, takes forever Please fix!","slow loading during transfers, takes forever please fix!",1,2026-02-16,BOA,negative,0.37500000000000006,Transaction Performance
"Transaction failed multiple times today, very frustrating Very disappointed.","transaction failed multiple times today, very frustrating very disappointed.",3,2026-04-21,BOA,negative,0.49875,Transaction Performance
"OTP not received, cannot complete transaction","otp not received, cannot complete transaction",1,2026-05-04,BOA,positive,0.1,Transaction Performance
Customer support is helpful but app needs work Highly recommend.,customer support is helpful but app needs work highly recommend.,4,2026-05-18,BOA,positive,0.16,Customer Support
"Transaction failed multiple times today, very frustrating Highly recommend.","transaction failed multiple times today, very frustrating highly recommend.",3,2026-03-28,BOA,negative,0.215,Transaction Performance
"Unable to check balance, shows error Very disappointed.","unable to check balance, shows error very disappointed.",3,2025-12-18,BOA,negative,0.7375,Account Access
Fingerprint login would be great addition So frustrating.,fingerprint login would be great addition so frustrating.,2,2026-04-30,BOA,positive,0.2,Feature Requests
"UI is confusing, not user friendly Please fix!","ui is confusing, not user friendly please fix!",3,2026-03-27,BOA,neutral,0.5,UI and Design
Needs better notification system Very disappointed.,needs better notification system very disappointed.,1,2026-01-03,BOA,negative,0.23750000000000004,Feature Requests
"Unable to check balance, shows error Highly recommend.","unable to check balance, shows error highly recommend.",1,2025-11-29,BOA,negative,0.16999999999999998,Account Access
Fingerprint login would be great addition Please fix!,fingerprint login would be great addition please fix!,4,2025-12-29,BOA,positive,1.0,Feature Requests
"UI is confusing, not user friendly Highly recommend.","ui is confusing, not user friendly highly recommend.",1,2026-01-23,BOA,neutral,0.5,UI and Design
"App crashes frequently, very unreliable Highly recommend.","app crashes frequently, very unreliable highly recommend.",1,2026-03-28,BOA,positive,0.18,App Stability
Needs better notification system Update needed.,needs better notification system update needed.,4,2026-04-17,BOA,positive,0.5,Feature Requests
Security features are good but app is slow Please fix!,security features are good but app is slow please fix!,2,2026-02-20,BOA,positive,0.16249999999999995,Transaction Performance
"Unable to check balance, shows error","unable to check balance, shows error",3,2026-03-11,BOA,negative,0.5,Account Access
"Unable to check balance, shows error Update needed.","unable to check balance, shows error update needed.",3,2026-01-29,BOA,negative,0.5,Account Access
Needs better notification system,needs better notification system,4,2026-02-16,BOA,positive,0.5,Feature Requests
App freezes on payment screen every time Very disappointed.,app freezes on payment screen every time very disappointed.,1,2026-01-16,BOA,negative,0.9750000000000001,Transaction Performance
"UI is confusing, not user friendly So frustrating.","ui is confusing, not user friendly so frustrating.",2,2026-05-18,BOA,negative,0.10833333333333334,UI and Design
Fingerprint login would be great addition,fingerprint login would be great addition,5,2026-01-28,BOA,positive,0.8,Feature Requests
"Transaction failed multiple times today, very frustrating So frustrating.","transaction failed multiple times today, very frustrating so frustrating.",4,2026-02-12,BOA,negative,0.355,Transaction Performance
Customer support is helpful but app needs work Please fix!,customer support is helpful but app needs work please fix!,2,2026-02-11,BOA,neutral,0.5,Customer Support
App freezes on payment screen every time So frustrating.,app freezes on payment screen every time so frustrating.,4,2026-01-29,BOA,negative,0.4,Transaction Performance
Fingerprint login would be great addition,fingerprint login would be great addition,4,2026-01-02,BOA,positive,0.8,Feature Requests
"Unable to check balance, shows error So frustrating.","unable to check balance, shows error so frustrating.",4,2026-01-29,BOA,negative,0.45,Account Access
Needs better notification system Please fix!,needs better notification system please fix!,1,2026-05-02,BOA,positive,0.625,Feature Requests
Support team resolved my issue in 10 minutes Update needed.,support team resolved my issue in minutes update needed.,1,2025-12-10,BOA,neutral,0.5,Customer Support
Login issues every time I try to use the app Please fix!,login issues every time i try to use the app please fix!,2,2026-02-05,BOA,neutral,0.5,Account Access
Good features but needs performance improvement,good features but needs performance improvement,2,2026-03-18,BOA,positive,0.7,Feature Requests
Customer support is helpful but app needs work Highly recommend.,customer support is helpful but app needs work highly recommend.,4,2026-02-06,BOA,positive,0.16,Customer Support
Please add QR payment feature Please fix!,please add qr payment feature please fix!,4,2025-11-23,BOA,neutral,0.5,Feature Requests
Good features but needs performance improvement Please fix!,good features but needs performance improvement please fix!,3,2026-02-17,BOA,positive,0.875,Feature Requests
Needs better notification system Great work!,needs better notification system great work!,4,2026-04-15,BOA,positive,0.75,Feature Requests
"Slow loading during transfers, takes forever Update needed.","slow loading during transfers, takes forever update needed.",5,2026-05-12,BOA,negative,0.30000000000000004,Transaction Performance
Good features but needs performance improvement,good features but needs performance improvement,3,2026-04-30,BOA,positive,0.7,Feature Requests
Customer support is helpful but app needs work So frustrating.,customer support is helpful but app needs work so frustrating.,2,2026-04-18,BOA,negative,0.4,Customer Support
Login issues every time I try to use the app Please fix!,login issues every time i try to use the app please fix!,2,2026-01-02,BOA,neutral,0.5,Account Access
Security features are good but app is slow Please fix!,security features are good but app is slow please fix!,1,2026-01-23,BOA,positive,0.16249999999999995,Transaction Performance
"Slow loading during transfers, takes forever","slow loading during transfers, takes forever",3,2026-02-09,BOA,negative,0.30000000000000004,Transaction Performance
Login issues every time I try to use the app Very disappointed.,login issues every time i try to use the app very disappointed.,1,2026-02-08,BOA,negative,0.9750000000000001,Account Access
"App crashes frequently, very unreliable Very disappointed.","app crashes frequently, very unreliable very disappointed.",5,2026-02-14,BOA,negative,0.38750000000000007,App Stability
"Transaction failed multiple times today, very frustrating So frustrating.","transaction failed multiple times today, very frustrating so frustrating.",5,2026-03-03,BOA,negative,0.355,Transaction Performance
"UI is confusing, not user friendly Please fix!","ui is confusing, not user friendly please fix!",1,2026-01-26,BOA,neutral,0.5,UI and Design
Good features but needs performance improvement Update needed.,good features but needs performance improvement update needed.,3,2026-01-24,BOA,positive,0.7,Feature Requests
App freezes on payment screen every time Very disappointed.,app freezes on payment screen every time very disappointed.,1,2026-04-25,BOA,negative,0.9750000000000001,Transaction Performance
Security features are good but app is slow Highly recommend.,security features are good but app is slow highly recommend.,1,2026-05-06,BOA,positive,0.18666666666666665,Transaction Performance
Login issues every time I try to use the app So frustrating.,login issues every time i try to use the app so frustrating.,2,2026-02-03,BOA,negative,0.4,Account Access
Needs better notification system Highly recommend.,needs better notification system highly recommend.,1,2026-05-05,BOA,positive,0.33,Feature Requests
Please add QR payment feature Update needed.,please add qr payment feature update needed.,5,2026-02-07,BOA,neutral,0.5,Feature Requests
Needs better notification system So frustrating.,needs better notification system so frustrating.,5,2026-03-25,BOA,neutral,0.5,Feature Requests
"UI is confusing, not user friendly Update needed.","ui is confusing, not user friendly update needed.",4,2025-12-10,BOA,neutral,0.5,UI and Design
"OTP not received, cannot complete transaction Update needed.","otp not received, cannot complete transaction update needed.",3,2026-04-14,BOA,positive,0.1,Transaction Performance
"Slow loading during transfers, takes forever So frustrating.","slow loading during transfers, takes forever so frustrating.",1,2025-12-23,BOA,negative,0.35000000000000003,Transaction Performance
Needs better notification system Great work!,needs better notification system great work!,3,2026-04-11,BOA,positive,0.75,Feature Requests
"Slow loading during transfers, takes forever Please fix!","slow loading during transfers, takes forever please fix!",2,2026-01-16,BOA,negative,0.37500000000000006,Transaction Performance
"Transaction failed multiple times today, very frustrating So frustrating.","transaction failed multiple times today, very frustrating so frustrating.",4,2026-03-02,BOA,negative,0.355,Transaction Performance
Customer support is helpful but app needs work So frustrating.,customer support is helpful but app needs work so frustrating.,3,2026-01-09,BOA,negative,0.4,Customer Support
Please add QR payment feature Very disappointed.,please add qr payment feature very disappointed.,3,2026-01-01,BOA,negative,0.9750000000000001,Feature Requests
Support team resolved my issue in 10 minutes Great work!,support team resolved my issue in minutes great work!,2,2026-01-30,BOA,positive,1.0,Customer Support
"UI is confusing, not user friendly So frustrating.","ui is confusing, not user friendly so frustrating.",5,2026-02-14,BOA,negative,0.10833333333333334,UI and Design
Customer support is helpful but app needs work,customer support is helpful but app needs work,1,2025-12-06,BOA,neutral,0.5,Customer Support
Good features but needs performance improvement So frustrating.,good features but needs performance improvement so frustrating.,1,2026-01-29,BOA,positive,0.14999999999999997,Feature Requests
"Unable to check balance, shows error","unable to check balance, shows error",2,2026-05-15,BOA,negative,0.5,Account Access
App freezes on payment screen every time Update needed.,app freezes on payment screen every time update needed.,3,2026-04-23,BOA,neutral,0.5,Transaction Performance
Please add QR payment feature Very disappointed.,please add qr payment feature very disappointed.,2,2026-05-09,BOA,negative,0.9750000000000001,Feature Requests
Fingerprint login would be great addition So frustrating.,fingerprint login would be great addition so frustrating.,4,2026-01-23,BOA,positive,0.2,Feature Requests
Please add QR payment feature Very disappointed.,please add qr payment feature very disappointed.,4,2026-03-07,BOA,negative,0.9750000000000001,Feature Requests
"Unable to check balance, shows error","unable to check balance, shows error",3,2026-01-19,BOA,negative,0.5,Account Access
Support team resolved my issue in 10 minutes Great work!,support team resolved my issue in minutes great work!,2,2025-12-24,BOA,positive,1.0,Customer Support
Support team resolved my issue in 10 minutes,support team resolved my issue in minutes,1,2026-01-04,BOA,neutral,0.5,Customer Support
"App crashes frequently, very unreliable","app crashes frequently, very unreliable",1,2026-05-01,BOA,positive,0.2,App Stability
"Unable to check balance, shows error Please fix!","unable to check balance, shows error please fix!",3,2026-04-29,BOA,negative,0.625,Account Access
Support team resolved my issue in 10 minutes Great work!,support team resolved my issue in minutes great work!,2,2026-03-17,BOA,positive,1.0,Customer Support
"Transaction failed multiple times today, very frustrating Please fix!","transaction failed multiple times today, very frustrating please fix!",1,2026-03-05,BOA,negative,0.3833333333333333,Transaction Performance
"UI is confusing, not user friendly Very disappointed.","ui is confusing, not user friendly very disappointed.",1,2025-12-30,BOA,negative,0.30000000000000004,UI and Design
Fingerprint login would be great addition Please fix!,fingerprint login would be great addition please fix!,2,2026-04-25,BOA,positive,1.0,Feature Requests
Customer support is helpful but app needs work Please fix!,customer support is helpful but app needs work please fix!,1,2026-01-19,BOA,neutral,0.5,Customer Support
"Transaction failed multiple times today, very frustrating So frustrating.","transaction failed multiple times today, very frustrating so frustrating.",3,2025-12-16,BOA,negative,0.355,Transaction Performance
"Unable to check balance, shows error","unable to check balance, shows error",3,2026-02-03,BOA,negative,0.5,Account Access
"Slow loading during transfers, takes forever Highly recommend.","slow loading during transfers, takes forever highly recommend.",4,2026-05-12,BOA,neutral,0.5,Transaction Performance
Fingerprint login would be great addition Please fix!,fingerprint login would be great addition please fix!,2,2026-03-01,BOA,positive,1.0,Feature Requests
"Unable to check balance, shows error Highly recommend.","unable to check balance, shows error highly recommend.",2,2025-11-25,BOA,negative,0.16999999999999998,Account Access
Login issues every time I try to use the app So frustrating.,login issues every time i try to use the app so frustrating.,1,2026-05-10,BOA,negative,0.4,Account Access
Security features are good but app is slow Update needed.,security features are good but app is slow update needed.,4,2026-04-17,BOA,positive,0.19999999999999996,Transaction Performance
Good features but needs performance improvement So frustrating.,good features but needs performance improvement so frustrating.,1,2026-04-19,BOA,positive,0.14999999999999997,Feature Requests
App freezes on payment screen every time,app freezes on payment screen every time,3,2026-03-25,BOA,neutral,0.5,Transaction Performance
Login issues every time I try to use the app So frustrating.,login issues every time i try to use the app so frustrating.,4,2026-03-19,BOA,negative,0.4,Account Access
"Transaction failed multiple times today, very frustrating Great work!","transaction failed multiple times today, very frustrating great work!",3,2025-12-27,BOA,neutral,0.5,Transaction Performance
Customer support is helpful but app needs work Very disappointed.,customer support is helpful but app needs work very disappointed.,1,2026-04-26,BOA,negative,0.9750000000000001,Customer Support
App freezes on payment screen every time Please fix!,app freezes on payment screen every time please fix!,5,2026-04-11,BOA,neutral,0.5,Transaction Performance
App freezes on payment screen every time So frustrating.,app freezes on payment screen every time so frustrating.,2,2026-03-25,BOA,negative,0.4,Transaction Performance
Good features but needs performance improvement Please fix!,good features but needs performance improvement please fix!,1,2026-05-02,BOA,positive,0.875,Feature Requests
Please add QR payment feature So frustrating.,please add qr payment feature so frustrating.,2,2026-02-10,BOA,negative,0.4,Feature Requests
"Slow loading during transfers, takes forever Highly recommend.","slow loading during transfers, takes forever highly recommend.",4,2026-02-24,BOA,neutral,0.5,Transaction Performance
Please add QR payment feature Update needed.,please add qr payment feature update needed.,1,2025-12-05,BOA,neutral,0.5,Feature Requests
Needs better notification system So frustrating.,needs better notification system so frustrating.,1,2026-04-28,BOA,neutral,0.5,Feature Requests
"UI is confusing, not user friendly Very disappointed.","ui is confusing, not user friendly very disappointed.",3,2025-12-23,BOA,negative,0.30000000000000004,UI and Design
Login issues every time I try to use the app Please fix!,login issues every time i try to use the app please fix!,1,2026-05-09,BOA,neutral,0.5,Account Access
"App crashes frequently, very unreliable Great work!","app crashes frequently, very unreliable great work!",4,2026-04-17,BOA,positive,0.6,App Stability
"Unable to check balance, shows error So frustrating.","unable to check balance, shows error so frustrating.",1,2026-01-25,BOA,negative,0.45,Account Access
"App crashes frequently, very unreliable Update needed.","app crashes frequently, very unreliable update needed.",1,2026-03-25,BOA,positive,0.2,App Stability
"Slow loading during transfers, takes forever Great work!","slow loading during transfers, takes forever great work!",1,2026-04-21,BOA,positive,0.35,Transaction Performance
"Slow loading during transfers, takes forever Highly recommend.","slow loading during transfers, takes forever highly recommend.",1,2026-04-23,BOA,neutral,0.5,Transaction Performance
Good features but needs performance improvement Update needed.,good features but needs performance improvement update needed.,5,2026-02-08,BOA,positive,0.7,Feature Requests
"Transaction failed multiple times today, very frustrating So frustrating.","transaction failed multiple times today, very frustrating so frustrating.",1,2026-05-02,BOA,negative,0.355,Transaction Performance
Needs better notification system Update needed.,needs better notification system update needed.,5,2026-01-10,BOA,positive,0.5,Feature Requests
"App crashes frequently, very unreliable So frustrating.","app crashes frequently, very unreliable so frustrating.",2,2026-03-08,BOA,negative,0.1,App Stability
Please add QR payment feature Please fix!,please add qr payment feature please fix!,4,2026-04-21,BOA,neutral,0.5,Feature Requests
"Unable to check balance, shows error Update needed.","unable to check balance, shows error update needed.",3,2025-12-27,BOA,negative,0.5,Account Access
"OTP not received, cannot complete transaction Update needed.","otp not received, cannot complete transaction update needed.",5,2025-12-01,BOA,positive,0.1,Transaction Performance
"OTP not received, cannot complete transaction Please fix!","otp not received, cannot complete transaction please fix!",5,2026-02-16,BOA,positive,0.125,Transaction Performance
"Transaction failed multiple times today, very frustrating Update needed.","transaction failed multiple times today, very frustrating update needed.",2,2026-03-07,BOA,negative,0.34,Transaction Performance
App freezes on payment screen every time Highly recommend.,app freezes on payment screen every time highly recommend.,3,2026-05-13,BOA,positive,0.16,Transaction Performance
Please add QR payment feature Please fix!,please add qr payment feature please fix!,1,2026-03-01,BOA,neutral,0.5,Feature Requests
Please add QR payment feature Update needed.,please add qr payment feature update needed.,3,2026-01-02,BOA,neutral,0.5,Feature Requests
Fingerprint login would be great addition,fingerprint login would be great addition,4,2026-03-23,BOA,positive,0.8,Feature Requests
App freezes on payment screen every time So frustrating.,app freezes on payment screen every time so frustrating.,1,2026-04-20,BOA,negative,0.4,Transaction Performance
"UI is confusing, not user friendly Very disappointed.","ui is confusing, not user friendly very disappointed.",4,2026-01-06,BOA,negative,0.30000000000000004,UI and Design
App freezes on payment screen every time Please fix!,app freezes on payment screen every time please fix!,5,2026-01-18,BOA,neutral,0.5,Transaction Performance
Needs better notification system,needs better notification system,4,2026-05-15,BOA,positive,0.5,Feature Requests
"Transaction failed multiple times today, very frustrating","transaction failed multiple times today, very frustrating",3,2026-01-14,BOA,negative,0.34,Transaction Performance
Support team resolved my issue in 10 minutes So frustrating.,support team resolved my issue in minutes so frustrating.,1,2026-05-02,BOA,negative,0.4,Customer Support
Support team resolved my issue in 10 minutes So frustrating.,support team resolved my issue in minutes so frustrating.,5,2026-04-22,BOA,negative,0.4,Customer Support
Please add QR payment feature Great work!,please add qr payment feature great work!,4,2025-12-12,BOA,positive,1.0,Feature Requests
"Transaction failed multiple times today, very frustrating Highly recommend.","transaction failed multiple times today, very frustrating highly recommend.",1,2025-12-08,BOA,negative,0.215,Transaction Performance
"App crashes frequently, very unreliable So frustrating.","app crashes frequently, very unreliable so frustrating.",4,2026-01-13,BOA,negative,0.1,App Stability
Please add QR payment feature Great work!,please add qr payment feature great work!,3,2026-05-15,BOA,positive,1.0,Feature Requests
"Transaction failed multiple times today, very frustrating Very disappointed.","transaction failed multiple times today, very frustrating very disappointed.",4,2026-03-20,BOA,negative,0.49875,Transaction Performance
Security features are good but app is slow Very disappointed.,security features are good but app is slow very disappointed.,2,2025-12-26,BOA,negative,0.19166666666666674,Transaction Performance
"UI is confusing, not user friendly Great work!","ui is confusing, not user friendly great work!",3,2026-02-22,BOA,positive,0.35833333333333334,UI and Design
App freezes on payment screen every time Please fix!,app freezes on payment screen every time please fix!,3,2026-03-12,BOA,neutral,0.5,Transaction Performance
"App crashes frequently, very unreliable Great work!","app crashes frequently, very unreliable great work!",5,2025-12-27,BOA,positive,0.6,App Stability
Customer support is helpful but app needs work Great work!,customer support is helpful but app needs work great work!,4,2026-01-01,BOA,positive,1.0,Customer Support
Login issues every time I try to use the app Highly recommend.,login issues every time i try to use the app highly recommend.,1,2025-12-29,BOA,positive,0.16,Account Access
"Transaction failed multiple times today, very frustrating Very disappointed.","transaction failed multiple times today, very frustrating very disappointed.",1,2026-04-19,BOA,negative,0.49875,Transaction Performance
"Transaction failed multiple times today, very frustrating So frustrating.","transaction failed multiple times today, very frustrating so frustrating.",1,2025-12-08,BOA,negative,0.355,Transaction Performance
Good features but needs performance improvement Please fix!,good features but needs performance improvement please fix!,3,2026-03-19,BOA,positive,0.875,Feature Requests
Needs better notification system,needs better notification system,1,2026-05-09,BOA,positive,0.5,Feature Requests
"Unable to check balance, shows error Very disappointed.","unable to check balance, shows error very disappointed.",2,2026-05-17,BOA,negative,0.7375,Account Access
"Slow loading during transfers, takes forever Great work!","slow loading during transfers, takes forever great work!",1,2026-01-11,BOA,positive,0.35,Transaction Performance
Good features but needs performance improvement,good features but needs performance improvement,3,2026-05-04,BOA,positive,0.7,Feature Requests
"Slow loading during transfers, takes forever","slow loading during transfers, takes forever",5,2026-04-08,BOA,negative,0.30000000000000004,Transaction Performance
Support team resolved my issue in 10 minutes Update needed.,support team resolved my issue in minutes update needed.,3,2025-12-31,BOA,neutral,0.5,Customer Support
"Slow loading during transfers, takes forever Very disappointed.","slow loading during transfers, takes forever very disappointed.",2,2026-03-11,BOA,negative,0.6375000000000001,Transaction Performance
Needs better notification system Great work!,needs better notification system great work!,4,2026-01-15,BOA,positive,0.75,Feature Requests
"Unable to check balance, shows error Highly recommend.","unable to check balance, shows error highly recommend.",4,2025-12-02,BOA,negative,0.16999999999999998,Account Access
Security features are good but app is slow Highly recommend.,security features are good but app is slow highly recommend.,1,2026-04-28,BOA,positive,0.18666666666666665,Transaction Performance
"Slow loading during transfers, takes forever Very disappointed.","slow loading during transfers, takes forever very disappointed.",2,2026-01-18,BOA,negative,0.6375000000000001,Transaction Performance
Please add QR payment feature So frustrating.,please add qr payment feature so frustrating.,4,2026-02-20,BOA,negative,0.4,Feature Requests
"Slow loading during transfers, takes forever Very disappointed.","slow loading during transfers, takes forever very disappointed.",5,2026-04-10,BOA,negative,0.6375000000000001,Transaction Performance
Fingerprint login would be great addition Update needed.,fingerprint login would be great addition update needed.,2,2026-04-08,BOA,positive,0.8,Feature Requests
App freezes on payment screen every time Very disappointed.,app freezes on payment screen every time very disappointed.,1,2025-12-08,BOA,negative,0.9750000000000001,Transaction Performance
"Unable to check balance, shows error Please fix!","unable to check balance, shows error please fix!",4,2026-04-11,BOA,negative,0.625,Account Access
Needs better notification system Highly recommend.,needs better notification system highly recommend.,1,2026-03-31,BOA,positive,0.33,Feature Requests
Customer support is helpful but app needs work Great work!,customer support is helpful but app needs work great work!,3,2026-01-23,BOA,positive,1.0,Customer Support
Support team resolved my issue in 10 minutes Update needed.,support team resolved my issue in minutes update needed.,4,2026-04-02,BOA,neutral,0.5,Customer Support
Please add QR payment feature Great work!,please add qr payment feature great work!,5,2026-01-17,BOA,positive,1.0,Feature Requests
Security features are good but app is slow,security features are good but app is slow,2,2026-01-08,BOA,positive,0.19999999999999996,Transaction Performance
Fingerprint login would be great addition Highly recommend.,fingerprint login would be great addition highly recommend.,3,2026-01-04,BOA,positive,0.48000000000000004,Feature Requests
Customer support is helpful but app needs work Please fix!,customer support is helpful but app needs work please fix!,1,2026-02-22,BOA,neutral,0.5,Customer Support
Security features are good but app is slow Update needed.,security features are good but app is slow update needed.,3,2026-04-01,BOA,positive,0.19999999999999996,Transaction Performance
Security features are good but app is slow Highly recommend.,security features are good but app is slow highly recommend.,4,2026-02-13,BOA,positive,0.18666666666666665,Transaction Performance
"UI is confusing, not user friendly Highly recommend.","ui is confusing, not user friendly highly recommend.",3,2026-05-08,BOA,neutral,0.5,UI and Design
Customer support is helpful but app needs work Very disappointed.,customer support is helpful but app needs work very disappointed.,5,2026-03-28,BOA,negative,0.9750000000000001,Customer Support
Customer support is helpful but app needs work Very disappointed.,customer support is helpful but app needs work very disappointed.,1,2025-12-04,BOA,negative,0.9750000000000001,Customer Support
"App crashes frequently, very unreliable So frustrating.","app crashes frequently, very unreliable so frustrating.",2,2026-05-09,BOA,negative,0.1,App Stability
"Unable to check balance, shows error Highly recommend.","unable to check balance, shows error highly recommend.",5,2026-02-11,BOA,negative,0.16999999999999998,Account Access
Customer support is helpful but app needs work Very disappointed.,customer support is helpful but app needs work very disappointed.,5,2025-12-08,BOA,negative,0.9750000000000001,Customer Support
"Slow loading during transfers, takes forever So frustrating.","slow loading during transfers, takes forever so frustrating.",3,2026-03-16,BOA,negative,0.35000000000000003,Transaction Performance
"OTP not received, cannot complete transaction Great work!","otp not received, cannot complete transaction great work!",1,2026-01-29,BOA,positive,0.55,Transaction Performance
Customer support is helpful but app needs work Very disappointed.,customer support is helpful but app needs work very disappointed.,1,2026-02-14,BOA,negative,0.9750000000000001,Customer Support
"Unable to check balance, shows error Great work!","unable to check balance, shows error great work!",4,2025-11-26,BOA,positive,0.25,Account Access
Needs better notification system,needs better notification system,5,2025-12-28,BOA,positive,0.5,Feature Requests
Security features are good but app is slow Highly recommend.,security features are good but app is slow highly recommend.,4,2026-02-11,BOA,positive,0.18666666666666665,Transaction Performance
Fingerprint login would be great addition Great work!,fingerprint login would be great addition great work!,3,2026-03-17,BOA,positive,0.9,Feature Requests
Please add QR payment feature Update needed.,please add qr payment feature update needed.,5,2026-01-26,BOA,neutral,0.5,Feature Requests
"Unable to check balance, shows error Update needed.","unable to check balance, shows error update needed.",1,2026-04-04,BOA,negative,0.5,Account Access
Please add QR payment feature Highly recommend.,please add qr payment feature highly recommend.,3,2026-03-23,BOA,positive,0.16,Feature Requests
"UI is confusing, not user friendly Highly recommend.","ui is confusing, not user friendly highly recommend.",5,2026-04-03,BOA,neutral,0.5,UI and Design
"App crashes frequently, very unreliable Update needed.","app crashes frequently, very unreliable update needed.",3,2025-12-19,BOA,positive,0.2,App Stability
Login issues every time I try to use the app Please fix!,login issues every time i try to use the app please fix!,3,2026-02-08,BOA,neutral,0.5,Account Access
"Slow loading during transfers, takes forever Great work!","slow loading during transfers, takes forever great work!",1,2026-02-10,BOA,positive,0.35,Transaction Performance
Fingerprint login would be great addition Please fix!,fingerprint login would be great addition please fix!,1,2026-02-01,BOA,positive,1.0,Feature Requests
Needs better notification system Update needed.,needs better notification system update needed.,4,2026-03-10,BOA,positive,0.5,Feature Requests
Security features are good but app is slow Please fix!,security features are good but app is slow please fix!,5,2026-04-22,BOA,positive,0.16249999999999995,Transaction Performance
"UI is confusing, not user friendly Great work!","ui is confusing, not user friendly great work!",4,2026-01-25,BOA,positive,0.35833333333333334,UI and Design
"App crashes frequently, very unreliable Very disappointed.","app crashes frequently, very unreliable very disappointed.",2,2026-02-21,BOA,negative,0.38750000000000007,App Stability
Customer support is helpful but app needs work Great work!,customer support is helpful but app needs work great work!,1,2026-04-12,BOA,positive,1.0,Customer Support
Needs better notification system Very disappointed.,needs better notification system very disappointed.,1,2026-02-02,BOA,negative,0.23750000000000004,Feature Requests
App freezes on payment screen every time Please fix!,app freezes on payment screen every time please fix!,4,2025-12-08,BOA,neutral,0.5,Transaction Performance
"OTP not received, cannot complete transaction Very disappointed.","otp not received, cannot complete transaction very disappointed.",1,2026-05-12,BOA,negative,0.43750000000000006,Transaction Performance
Fingerprint login would be great addition Highly recommend.,fingerprint login would be great addition highly recommend.,2,2026-02-22,BOA,positive,0.48000000000000004,Feature Requests
Security features are good but app is slow So frustrating.,security features are good but app is slow so frustrating.,4,2026-04-19,BOA,neutral,0.5,Transaction Performance
Support team resolved my issue in 10 minutes Highly recommend.,support team resolved my issue in minutes highly recommend.,3,2026-04-24,BOA,positive,0.16,Customer Support
"App crashes frequently, very unreliable Very disappointed.","app crashes frequently, very unreliable very disappointed.",2,2026-02-26,BOA,negative,0.38750000000000007,App Stability
"App crashes frequently, very unreliable Great work!","app crashes frequently, very unreliable great work!",1,2026-03-16,BOA,positive,0.6,App Stability
Good features but needs performance improvement So frustrating.,good features but needs performance improvement so frustrating.,3,2026-01-12,BOA,positive,0.14999999999999997,Feature Requests
"OTP not received, cannot complete transaction Update needed.","otp not received, cannot complete transaction update needed.",2,2026-01-04,BOA,positive,0.1,Transaction Performance
"OTP not received, cannot complete transaction So frustrating.","otp not received, cannot complete transaction so frustrating.",5,2026-03-03,BOA,negative,0.15000000000000002,Transaction Performance
Customer support is helpful but app needs work Please fix!,customer support is helpful but app needs work please fix!,1,2025-12-09,BOA,neutral,0.5,Customer Support
Good features but needs performance improvement Great work!,good features but needs performance improvement great work!,3,2026-04-05,BOA,positive,0.85,Feature Requests
Security features are good but app is slow Update needed.,security features are good but app is slow update needed.,1,2026-03-27,BOA,positive,0.19999999999999996,Transaction Performance
Needs better notification system Great work!,needs better notification system great work!,4,2026-05-13,BOA,positive,0.75,Feature Requests
Security features are good but app is slow Great work!,security features are good but app is slow great work!,1,2026-02-25,BOA,positive,0.4666666666666666,Transaction Performance
Security features are good but app is slow,security features are good but app is slow,2,2026-04-05,BOA,positive,0.19999999999999996,Transaction Performance
Fingerprint login would be great addition Highly recommend.,fingerprint login would be great addition highly recommend.,1,2026-05-18,BOA,positive,0.48000000000000004,Feature Requests
Security features are good but app is slow Please fix!,security features are good but app is slow please fix!,1,2026-03-15,BOA,positive,0.16249999999999995,Transaction Performance
Customer support is helpful but app needs work Very disappointed.,customer support is helpful but app needs work very disappointed.,5,2025-12-03,BOA,negative,0.9750000000000001,Customer Support
"App crashes frequently, very unreliable Update needed.","app crashes frequently, very unreliable update needed.",3,2026-04-22,BOA,positive,0.2,App Stability
Fingerprint login would be great addition Update needed.,fingerprint login would be great addition update needed.,1,2026-03-19,BOA,positive,0.8,Feature Requests
"UI is confusing, not user friendly So frustrating.","ui is confusing, not user friendly so frustrating.",2,2026-04-07,BOA,negative,0.10833333333333334,UI and Design
Please add QR payment feature Very disappointed.,please add qr payment feature very disappointed.,1,2026-04-15,BOA,negative,0.9750000000000001,Feature Requests
Please add QR payment feature So frustrating.,please add qr payment feature so frustrating.,5,2026-05-02,BOA,negative,0.4,Feature Requests
App freezes on payment screen every time Highly recommend.,app freezes on payment screen every time highly recommend.,4,2026-02-19,BOA,positive,0.16,Transaction Performance
"Transaction failed multiple times today, very frustrating Please fix!","transaction failed multiple times today, very frustrating please fix!",2,2026-03-16,BOA,negative,0.3833333333333333,Transaction Performance
"OTP not received, cannot complete transaction Highly recommend.","otp not received, cannot complete transaction highly recommend.",4,2026-03-18,BOA,positive,0.13,Transaction Performance
Support team resolved my issue in 10 minutes Very disappointed.,support team resolved my issue in minutes very disappointed.,1,2025-11-20,BOA,negative,0.9750000000000001,Customer Support
Needs better notification system So frustrating.,needs better notification system so frustrating.,1,2026-03-05,BOA,neutral,0.5,Feature Requests
"OTP not received, cannot complete transaction Very disappointed.","otp not received, cannot complete transaction very disappointed.",1,2026-05-03,BOA,negative,0.43750000000000006,Transaction Performance
Fingerprint login would be great addition Very disappointed.,fingerprint login would be great addition very disappointed.,1,2026-03-31,BOA,neutral,0.5,Feature Requests
Customer support is helpful but app needs work Please fix!,customer support is helpful but app needs work please fix!,4,2025-11-20,BOA,neutral,0.5,Customer Support
"Unable to check balance, shows error Please fix!","unable to check balance, shows error please fix!",1,2026-05-13,BOA,negative,0.625,Account Access
Needs better notification system Great work!,needs better notification system great work!,3,2026-01-25,BOA,positive,0.75,Feature Requests
Support team resolved my issue in 10 minutes Very disappointed.,support team resolved my issue in minutes very disappointed.,2,2026-01-24,BOA,negative,0.9750000000000001,Customer Support
Please add QR payment feature So frustrating.,please add qr payment feature so frustrating.,4,2026-05-09,BOA,negative,0.4,Feature Requests
Support team resolved my issue in 10 minutes Very disappointed.,support team resolved my issue in minutes very disappointed.,1,2026-01-13,BOA,negative,0.9750000000000001,Customer Support
App freezes on payment screen every time Highly recommend.,app freezes on payment screen every time highly recommend.,4,2026-03-20,BOA,positive,0.16,Transaction Performance
Please add QR payment feature Very disappointed.,please add qr payment feature very disappointed.,1,2025-12-12,BOA,negative,0.9750000000000001,Feature Requests
App freezes on payment screen every time Please fix!,app freezes on payment screen every time please fix!,5,2026-01-31,BOA,neutral,0.5,Transaction Performance
"App crashes frequently, very unreliable","app crashes frequently, very unreliable",2,2026-03-04,BOA,positive,0.2,App Stability
App freezes on payment screen every time Please fix!,app freezes on payment screen every time please fix!,4,2026-03-02,BOA,neutral,0.5,Transaction Performance
"App crashes frequently, very unreliable So frustrating.","app crashes frequently, very unreliable so frustrating.",2,2026-01-16,BOA,negative,0.1,App Stability
"Transaction failed multiple times today, very frustrating Great work!","transaction failed multiple times today, very frustrating great work!",3,2025-12-07,BOA,neutral,0.5,Transaction Performance
"OTP not received, cannot complete transaction Great work!","otp not received, cannot complete transaction great work!",3,2025-11-27,BOA,positive,0.55,Transaction Performance
Please add QR payment feature,please add qr payment feature,4,2026-04-29,BOA,neutral,0.5,Feature Requests
Good features but needs performance improvement Please fix!,good features but needs performance improvement please fix!,5,2026-05-07,BOA,positive,0.875,Feature Requests
"UI is confusing, not user friendly Update needed.","ui is confusing, not user friendly update needed.",5,2026-03-16,BOA,neutral,0.5,UI and Design
Fingerprint login would be great addition Very disappointed.,fingerprint login would be great addition very disappointed.,1,2026-04-01,BOA,neutral,0.5,Feature Requests
Fingerprint login would be great addition Very disappointed.,fingerprint login would be great addition very disappointed.,2,2025-12-11,BOA,neutral,0.5,Feature Requests
"OTP not received, cannot complete transaction Update needed.","otp not received, cannot complete transaction update needed.",3,2026-04-04,BOA,positive,0.1,Transaction Performance
App freezes on payment screen every time So frustrating.,app freezes on payment screen every time so frustrating.,2,2026-01-28,BOA,negative,0.4,Transaction Performance
Fingerprint login would be great addition Very disappointed.,fingerprint login would be great addition very disappointed.,1,2026-02-13,BOA,neutral,0.5,Feature Requests
"OTP not received, cannot complete transaction Very disappointed.","otp not received, cannot complete transaction very disappointed.",3,2026-02-07,BOA,negative,0.43750000000000006,Transaction Performance
Security features are good but app is slow Please fix!,security features are good but app is slow please fix!,4,2025-12-07,BOA,positive,0.16249999999999995,Transaction Performance
Please add QR payment feature Highly recommend.,please add qr payment feature highly recommend.,2,2026-01-27,BOA,positive,0.16,Feature Requests
Support team resolved my issue in 10 minutes Very disappointed.,support team resolved my issue in minutes very disappointed.,3,2026-03-26,BOA,negative,0.9750000000000001,Customer Support
Support team resolved my issue in 10 minutes So frustrating.,support team resolved my issue in minutes so frustrating.,3,2026-02-06,BOA,negative,0.4,Customer Support
Customer support is helpful but app needs work Highly recommend.,customer support is helpful but app needs work highly recommend.,4,2025-12-04,BOA,positive,0.16,Customer Support
Support team resolved my issue in 10 minutes Very disappointed.,support team resolved my issue in minutes very disappointed.,5,2026-02-25,BOA,negative,0.9750000000000001,Customer Support
App freezes on payment screen every time Update needed.,app freezes on payment screen every time update needed.,1,2026-05-02,BOA,neutral,0.5,Transaction Performance
App freezes on payment screen every time Highly recommend.,app freezes on payment screen every time highly recommend.,2,2026-01-16,BOA,positive,0.16,Transaction Performance
Login issues every time I try to use the app Update needed.,login issues every time i try to use the app update needed.,4,2026-03-14,BOA,neutral,0.5,Account Access
Please add QR payment feature Please fix!,please add qr payment feature please fix!,1,2025-12-09,BOA,neutral,0.5,Feature Requests
"OTP not received, cannot complete transaction","otp not received, cannot complete transaction",2,2025-11-21,BOA,positive,0.1,Transaction Performance
"OTP not received, cannot complete transaction","otp not received, cannot complete transaction",1,2026-05-02,BOA,positive,0.1,Transaction Performance
"UI is confusing, not user friendly Update needed.","ui is confusing, not user friendly update needed.",3,2026-03-14,BOA,neutral,0.5,UI and Design
"OTP not received, cannot complete transaction Very disappointed.","otp not received, cannot complete transaction very disappointed.",4,2026-01-30,BOA,negative,0.43750000000000006,Transaction Performance
"Slow loading during transfers, takes forever Very disappointed.","slow loading during transfers, takes forever very disappointed.",1,2025-12-05,BOA,negative,0.6375000000000001,Transaction Performance
Security features are good but app is slow,security features are good but app is slow,3,2025-11-21,BOA,positive,0.19999999999999996,Transaction Performance
"Slow loading during transfers, takes forever Highly recommend.","slow loading during transfers, takes forever highly recommend.",1,2026-04-09,BOA,neutral,0.5,Transaction Performance
Needs better notification system Update needed.,needs better notification system update needed.,2,2026-03-29,BOA,positive,0.5,Feature Requests
App freezes on payment screen every time Highly recommend.,app freezes on payment screen every time highly recommend.,3,2026-01-18,BOA,positive,0.16,Transaction Performance
Please add QR payment feature So frustrating.,please add qr payment feature so frustrating.,1,2026-04-10,BOA,negative,0.4,Feature Requests
Needs better notification system Please fix!,needs better notification system please fix!,4,2025-12-04,BOA,positive,0.625,Feature Requests
"UI is confusing, not user friendly Update needed.","ui is confusing, not user friendly update needed.",2,2026-03-12,BOA,neutral,0.5,UI and Design
Good features but needs performance improvement So frustrating.,good features but needs performance improvement so frustrating.,4,2026-03-13,BOA,positive,0.14999999999999997,Feature Requests
Customer support is helpful but app needs work Highly recommend.,customer support is helpful but app needs work highly recommend.,2,2026-01-19,BOA,positive,0.16,Customer Support
Login issues every time I try to use the app Very disappointed.,login issues every time i try to use the app very disappointed.,4,2026-03-20,BOA,negative,0.9750000000000001,Account Access
Security features are good but app is slow Very disappointed.,security features are good but app is slow very disappointed.,4,2025-12-13,BOA,negative,0.19166666666666674,Transaction Performance
Fingerprint login would be great addition Highly recommend.,fingerprint login would be great addition highly recommend.,5,2026-05-15,BOA,positive,0.48000000000000004,Feature Requests
"UI is confusing, not user friendly Update needed.","ui is confusing, not user friendly update needed.",5,2025-12-05,BOA,neutral,0.5,UI and Design
"App crashes frequently, very unreliable Highly recommend.","app crashes frequently, very unreliable highly recommend.",5,2026-02-15,BOA,positive,0.18,App Stability
App freezes on payment screen every time Please fix!,app freezes on payment screen every time please fix!,3,2026-02-18,BOA,neutral,0.5,Transaction Performance
"UI is confusing, not user friendly","ui is confusing, not user friendly",1,2025-11-24,BOA,neutral,0.5,UI and Design
Fingerprint login would be great addition Great work!,fingerprint login would be great addition great work!,2,2026-01-26,BOA,positive,0.9,Feature Requests
Good features but needs performance improvement Update needed.,good features but needs performance improvement update needed.,5,2026-05-02,BOA,positive,0.7,Feature Requests
"App crashes frequently, very unreliable Highly recommend.","app crashes frequently, very unreliable highly recommend.",2,2026-03-31,BOA,positive,0.18,App Stability
Security features are good but app is slow So frustrating.,security features are good but app is slow so frustrating.,5,2026-03-05,BOA,neutral,0.5,Transaction Performance
Fingerprint login would be great addition So frustrating.,fingerprint login would be great addition so frustrating.,5,2026-01-09,BOA,positive,0.2,Feature Requests
Support team resolved my issue in 10 minutes Highly recommend.,support team resolved my issue in minutes highly recommend.,4,2026-03-23,BOA,positive,0.16,Customer Support
"App crashes frequently, very unreliable","app crashes frequently, very unreliable",5,2026-01-12,BOA,positive,0.2,App Stability
Support team resolved my issue in 10 minutes So frustrating.,support team resolved my issue in minutes so frustrating.,3,2026-03-18,BOA,negative,0.4,Customer Support
"UI is confusing, not user friendly So frustrating.","ui is confusing, not user friendly so frustrating.",2,2026-03-28,BOA,negative,0.10833333333333334,UI and Design
Please add QR payment feature Great work!,please add qr payment feature great work!,5,2026-03-03,BOA,positive,1.0,Feature Requests
App freezes on payment screen every time Great work!,app freezes on payment screen every time great work!,5,2025-11-21,BOA,positive,1.0,Transaction Performance
"App crashes frequently, very unreliable So frustrating.","app crashes frequently, very unreliable so frustrating.",1,2026-04-26,BOA,negative,0.1,App Stability
Security features are good but app is slow Highly recommend.,security features are good but app is slow highly recommend.,3,2025-12-12,BOA,positive,0.18666666666666665,Transaction Performance
Please add QR payment feature Please fix!,please add qr payment feature please fix!,1,2025-12-17,BOA,neutral,0.5,Feature Requests
App freezes on payment screen every time Very disappointed.,app freezes on payment screen every time very disappointed.,3,2026-03-22,BOA,negative,0.9750000000000001,Transaction Performance
Customer support is helpful but app needs work So frustrating.,customer support is helpful but app needs work so frustrating.,1,2026-03-18,BOA,negative,0.4,Customer Support
"UI is confusing, not user friendly","ui is confusing, not user friendly",4,2025-12-28,BOA,neutral,0.5,UI and Design
Support team resolved my issue in 10 minutes So frustrating.,support team resolved my issue in minutes so frustrating.,1,2026-01-05,BOA,negative,0.4,Customer Support
"OTP not received, cannot complete transaction Update needed.","otp not received, cannot complete transaction update needed.",1,2026-03-20,BOA,positive,0.1,Transaction Performance
Customer support is helpful but app needs work Please fix!,customer support is helpful but app needs work please fix!,1,2025-12-12,BOA,neutral,0.5,Customer Support
"Slow loading during transfers, takes forever Update needed.","slow loading during transfers, takes forever update needed.",1,2026-04-08,BOA,negative,0.30000000000000004,Transaction Performance
"Transaction failed multiple times today, very frustrating So frustrating.","transaction failed multiple times today, very frustrating so frustrating.",1,2026-05-10,BOA,negative,0.355,Transaction Performance
"UI is confusing, not user friendly Very disappointed.","ui is confusing, not user friendly very disappointed.",1,2025-12-01,BOA,negative,0.30000000000000004,UI and Design
App freezes on payment screen every time,app freezes on payment screen every time,1,2026-02-02,BOA,neutral,0.5,Transaction Performance
"Unable to check balance, shows error Highly recommend.","unable to check balance, shows error highly recommend.",2,2026-03-18,BOA,negative,0.16999999999999998,Account Access
Security features are good but app is slow Highly recommend.,security features are good but app is slow highly recommend.,3,2026-04-06,BOA,positive,0.18666666666666665,Transaction Performance
Login issues every time I try to use the app So frustrating.,login issues every time i try to use the app so frustrating.,1,2026-02-27,BOA,negative,0.4,Account Access
"OTP not received, cannot complete transaction Very disappointed.","otp not received, cannot complete transaction very disappointed.",1,2026-05-15,BOA,negative,0.43750000000000006,Transaction Performance
Needs better notification system Update needed.,needs better notification system update needed.,1,2026-05-10,BOA,positive,0.5,Feature Requests
Support team resolved my issue in 10 minutes Update needed.,support team resolved my issue in minutes update needed.,3,2026-02-10,BOA,neutral,0.5,Customer Support
Security features are good but app is slow Please fix!,security features are good but app is slow please fix!,5,2025-12-01,BOA,positive,0.16249999999999995,Transaction Performance
Security features are good but app is slow Please fix!,security features are good but app is slow please fix!,3,2026-04-06,BOA,positive,0.16249999999999995,Transaction Performance
"UI is confusing, not user friendly","ui is confusing, not user friendly",3,2026-03-26,BOA,neutral,0.5,UI and Design
Security features are good but app is slow Update needed.,security features are good but app is slow update needed.,3,2026-01-23,BOA,positive,0.19999999999999996,Transaction Performance
"Slow loading during transfers, takes forever Highly recommend.","slow loading during transfers, takes forever highly recommend.",1,2026-03-20,BOA,neutral,0.5,Transaction Performance
"Transaction failed multiple times today, very frustrating Update needed.","transaction failed multiple times today, very frustrating update needed.",1,2026-01-08,BOA,negative,0.34,Transaction Performance
"Slow loading during transfers, takes forever Great work!","slow loading during transfers, takes forever great work!",2,2026-03-13,BOA,positive,0.35,Transaction Performance
Customer support is helpful but app needs work Update needed.,customer support is helpful but app needs work update needed.,3,2026-01-08,BOA,neutral,0.5,Customer Support
Support team resolved my issue in 10 minutes So frustrating.,support team resolved my issue in minutes so frustrating.,2,2025-11-20,BOA,negative,0.4,Customer Support
"App crashes frequently, very unreliable Please fix!","app crashes frequently, very unreliable please fix!",4,2026-05-12,BOA,positive,0.25,App Stability
Customer support is helpful but app needs work Very disappointed.,customer support is helpful but app needs work very disappointed.,5,2026-04-14,BOA,negative,0.9750000000000001,Customer Support
"Transaction failed multiple times today, very frustrating Very disappointed.","transaction failed multiple times today, very frustrating very disappointed.",4,2026-05-18,BOA,negative,0.49875,Transaction Performance
App freezes on payment screen every time Highly recommend.,app freezes on payment screen every time highly recommend.,1,2026-02-01,BOA,positive,0.16,Transaction Performance
"App crashes frequently, very unreliable Please fix!","app crashes frequently, very unreliable please fix!",4,2026-02-06,BOA,positive,0.25,App Stability
Support team resolved my issue in 10 minutes Highly recommend.,support team resolved my issue in minutes highly recommend.,2,2025-11-30,BOA,positive,0.16,Customer Support
"UI is confusing, not user friendly Update needed.","ui is confusing, not user friendly update needed.",4,2026-01-19,BOA,neutral,0.5,UI and Design
Good features but needs performance improvement Please fix!,good features but needs performance improvement please fix!,2,2025-12-31,BOA,positive,0.875,Feature Requests
Customer support is helpful but app needs work Please fix!,customer support is helpful but app needs work please fix!,4,2026-03-17,BOA,neutral,0.5,Customer Support
"Unable to check balance, shows error","unable to check balance, shows error",3,2025-11-29,BOA,negative,0.5,Account Access
Please add QR payment feature Great work!,please add qr payment feature great work!,3,2025-12-16,BOA,positive,1.0,Feature Requests
"Slow loading during transfers, takes forever","slow loading during transfers, takes forever",2,2026-03-26,BOA,negative,0.30000000000000004,Transaction Performance
Please add QR payment feature Very disappointed.,please add qr payment feature very disappointed.,1,2026-02-14,BOA,negative,0.9750000000000001,Feature Requests
Login issues every time I try to use the app Very disappointed.,login issues every time i try to use the app very disappointed.,1,2026-04-21,BOA,negative,0.9750000000000001,Account Access
App freezes on payment screen every time,app freezes on payment screen every time,1,2025-12-09,BOA,neutral,0.5,Transaction Performance
"Unable to check balance, shows error Please fix!","unable to check balance, shows error please fix!",3,2026-02-25,BOA,negative,0.625,Account Access
Login issues every time I try to use the app Highly recommend.,login issues every time i try to use the app highly recommend.,2,2026-01-23,BOA,positive,0.16,Account Access
App freezes on payment screen every time,app freezes on payment screen every time,4,2025-12-11,BOA,neutral,0.5,Transaction Performance
"Slow loading during transfers, takes forever Please fix!","slow loading during transfers, takes forever please fix!",4,2026-01-03,BOA,negative,0.37500000000000006,Transaction Performance
"OTP not received, cannot complete transaction So frustrating.","otp not received, cannot complete transaction so frustrating.",4,2026-03-22,BOA,negative,0.15000000000000002,Transaction Performance
"Unable to check balance, shows error Update needed.","unable to check balance, shows error update needed.",1,2025-12-25,BOA,negative,0.5,Account Access
App freezes on payment screen every time Please fix!,app freezes on payment screen every time please fix!,4,2025-12-21,BOA,neutral,0.5,Transaction Performance
"Unable to check balance, shows error","unable to check balance, shows error",2,2026-01-26,BOA,negative,0.5,Account Access
Please add QR payment feature Very disappointed.,please add qr payment feature very disappointed.,1,2025-12-23,BOA,negative,0.9750000000000001,Feature Requests
App freezes on payment screen every time,app freezes on payment screen every time,3,2026-05-10,BOA,neutral,0.5,Transaction Performance
"UI is confusing, not user friendly Please fix!","ui is confusing, not user friendly please fix!",1,2026-02-10,BOA,neutral,0.5,UI and Design
"UI is confusing, not user friendly Highly recommend.","ui is confusing, not user friendly highly recommend.",4,2025-12-01,BOA,neutral,0.5,UI and Design
"OTP not received, cannot complete transaction","otp not received, cannot complete transaction",1,2025-12-02,BOA,positive,0.1,Transaction Performance
Fingerprint login would be great addition Highly recommend.,fingerprint login would be great addition highly recommend.,5,2026-01-14,BOA,positive,0.48000000000000004,Feature Requests
"Transaction failed multiple times today, very frustrating Update needed.","transaction failed multiple times today, very frustrating update needed.",1,2026-04-05,BOA,negative,0.34,Transaction Performance
Login issues every time I try to use the app,login issues every time i try to use the app,2,2025-12-20,BOA,neutral,0.5,Account Access
Security features are good but app is slow So frustrating.,security features are good but app is slow so frustrating.,4,2026-04-06,BOA,neutral,0.5,Transaction Performance
"Transaction failed multiple times today, very frustrating Highly recommend.","transaction failed multiple times today, very frustrating highly recommend.",3,2026-03-03,BOA,negative,0.215,Transaction Performance
"App crashes frequently, very unreliable Very disappointed.","app crashes frequently, very unreliable very disappointed.",2,2025-12-23,BOA,negative,0.38750000000000007,App Stability
Login issues every time I try to use the app Very disappointed.,login issues every time i try to use the app very disappointed.,3,2026-03-02,BOA,negative,0.9750000000000001,Account Access
"App crashes frequently, very unreliable Please fix!","app crashes frequently, very unreliable please fix!",4,2026-02-01,BOA,positive,0.25,App Stability
"Slow loading during transfers, takes forever So frustrating.","slow loading during transfers, takes forever so frustrating.",1,2025-12-07,BOA,negative,0.35000000000000003,Transaction Performance
App freezes on payment screen every time Highly recommend.,app freezes on payment screen every time highly recommend.,3,2026-01-24,BOA,positive,0.16,Transaction Performance
"Slow loading during transfers, takes forever Update needed.","slow loading during transfers, takes forever update needed.",2,2026-04-01,BOA,negative,0.30000000000000004,Transaction Performance
Login issues every time I try to use the app So frustrating.,login issues every time i try to use the app so frustrating.,1,2025-12-18,BOA,negative,0.4,Account Access
App freezes on payment screen every time Very disappointed.,app freezes on payment screen every time very disappointed.,1,2026-02-10,BOA,negative,0.9750000000000001,Transaction Performance
Please add QR payment feature Highly recommend.,please add qr payment feature highly recommend.,2,2026-03-09,BOA,positive,0.16,Feature Requests
"OTP not received, cannot complete transaction Update needed.","otp not received, cannot complete transaction update needed.",1,2025-12-06,BOA,positive,0.1,Transaction Performance
Good features but needs performance improvement Highly recommend.,good features but needs performance improvement highly recommend.,1,2026-01-11,BOA,positive,0.43,Feature Requests
"App crashes frequently, very unreliable Update needed.","app crashes frequently, very unreliable update needed.",4,2026-02-11,BOA,positive,0.2,App Stability
"UI is confusing, not user friendly","ui is confusing, not user friendly",3,2026-05-16,BOA,neutral,0.5,UI and Design
Needs better notification system So frustrating.,needs better notification system so frustrating.,4,2026-04-27,BOA,neutral,0.5,Feature Requests
Security features are good but app is slow Very disappointed.,security features are good but app is slow very disappointed.,4,2026-01-17,BOA,negative,0.19166666666666674,Transaction Performance
"Unable to check balance, shows error Very disappointed.","unable to check balance, shows error very disappointed.",1,2026-03-16,BOA,negative,0.7375,Account Access
"Unable to check balance, shows error Great work!","unable to check balance, shows error great work!",3,2026-03-24,BOA,positive,0.25,Account Access
"UI is confusing, not user friendly","ui is confusing, not user friendly",5,2025-11-23,BOA,neutral,0.5,UI and Design
Fingerprint login would be great addition Very disappointed.,fingerprint login would be great addition very disappointed.,1,2026-04-13,BOA,neutral,0.5,Feature Requests
Security features are good but app is slow Great work!,security features are good but app is slow great work!,5,2026-05-01,BOA,positive,0.4666666666666666,Transaction Performance
"OTP not received, cannot complete transaction","otp not received, cannot complete transaction",2,2026-01-30,BOA,positive,0.1,Transaction Performance
"Transaction failed multiple times today, very frustrating Highly recommend.","transaction failed multiple times today, very frustrating highly recommend.",3,2026-03-23,BOA,negative,0.215,Transaction Performance
"OTP not received, cannot complete transaction Highly recommend.","otp not received, cannot complete transaction highly recommend.",2,2025-12-07,BOA,positive,0.13,Transaction Performance
Please add QR payment feature Please fix!,please add qr payment feature please fix!,3,2026-02-02,BOA,neutral,0.5,Feature Requests
Security features are good but app is slow Highly recommend.,security features are good but app is slow highly recommend.,3,2025-11-28,BOA,positive,0.18666666666666665,Transaction Performance
"UI is confusing, not user friendly Great work!","ui is confusing, not user friendly great work!",1,2026-03-30,BOA,positive,0.35833333333333334,UI and Design
Customer support is helpful but app needs work Please fix!,customer support is helpful but app needs work please fix!,1,2026-04-16,BOA,neutral,0.5,Customer Support
Needs better notification system Highly recommend.,needs better notification system highly recommend.,2,2026-02-28,BOA,positive,0.33,Feature Requests
Customer support is helpful but app needs work,customer support is helpful but app needs work,4,2026-03-04,BOA,neutral,0.5,Customer Support
"Transaction failed multiple times today, very frustrating Please fix!","transaction failed multiple times today, very frustrating please fix!",1,2026-04-16,BOA,negative,0.3833333333333333,Transaction Performance
Customer support is helpful but app needs work Please fix!,customer support is helpful but app needs work please fix!,3,2026-02-01,BOA,neutral,0.5,Customer Support
"Slow loading during transfers, takes forever Great work!","slow loading during transfers, takes forever great work!",3,2026-02-21,BOA,positive,0.35,Transaction Performance
Security features are good but app is slow Update needed.,security features are good but app is slow update needed.,2,2026-03-23,BOA,positive,0.19999999999999996,Transaction Performance
Good features but needs performance improvement Update needed.,good features but needs performance improvement update needed.,3,2026-02-22,BOA,positive,0.7,Feature Requests
Customer support is helpful but app needs work Please fix!,customer support is helpful but app needs work please fix!,2,2026-04-22,BOA,neutral,0.5,Customer Support
Login issues every time I try to use the app Highly recommend.,login issues every time i try to use the app highly recommend.,3,2026-02-08,BOA,positive,0.16,Account Access
Needs better notification system Highly recommend.,needs better notification system highly recommend.,1,2026-01-21,BOA,positive,0.33,Feature Requests
Customer support is helpful but app needs work,customer support is helpful but app needs work,3,2026-02-03,BOA,neutral,0.5,Customer Support
Login issues every time I try to use the app Very disappointed.,login issues every time i try to use the app very disappointed.,2,2026-04-12,BOA,negative,0.9750000000000001,Account Access
Good features but needs performance improvement Please fix!,good features but needs performance improvement please fix!,3,2026-04-13,BOA,positive,0.875,Feature Requests
"Slow loading during transfers, takes forever Great work!","slow loading during transfers, takes forever great work!",2,2025-12-11,BOA,positive,0.35,Transaction Performance
Needs better notification system Update needed.,needs better notification system update needed.,3,2025-12-04,BOA,positive,0.5,Feature Requests
"Transaction failed multiple times today, very frustrating Very disappointed.","transaction failed multiple times today, very frustrating very disappointed.",4,2025-11-21,BOA,negative,0.49875,Transaction Performance
"OTP not received, cannot complete transaction","otp not received, cannot complete transaction",4,2025-12-25,BOA,positive,0.1,Transaction Performance
"App crashes frequently, very unreliable Highly recommend.","app crashes frequently, very unreliable highly recommend.",4,2026-01-20,BOA,positive,0.18,App Stability
Please add QR payment feature Great work!,please add qr payment feature great work!,2,2026-01-13,BOA,positive,1.0,Feature Requests
"UI is confusing, not user friendly","ui is confusing, not user friendly",3,2025-12-22,BOA,neutral,0.5,UI and Design
Needs better notification system,needs better notification system,2,2026-02-06,BOA,positive,0.5,Feature Requests
App freezes on payment screen every time Update needed.,app freezes on payment screen every time update needed.,2,2026-05-06,BOA,neutral,0.5,Transaction Performance
"App crashes frequently, very unreliable","app crashes frequently, very unreliable",5,2026-04-28,BOA,positive,0.2,App Stability
"App crashes frequently, very unreliable Highly recommend.","app crashes frequently, very unreliable highly recommend.",4,2026-01-31,BOA,positive,0.18,App Stability
Needs better notification system,needs better notification system,1,2026-02-02,BOA,positive,0.5,Feature Requests
App freezes on payment screen every time Please fix!,app freezes on payment screen every time please fix!,1,2026-01-10,BOA,neutral,0.5,Transaction Performance
Security features are good but app is slow,security features are good but app is slow,4,2026-01-17,BOA,positive,0.19999999999999996,Transaction Performance
App freezes on payment screen every time Please fix!,app freezes on payment screen every time please fix!,2,2026-01-29,BOA,neutral,0.5,Transaction Performance
Login issues every time I try to use the app Great work!,login issues every time i try to use the app great work!,3,2026-04-01,BOA,positive,1.0,Account Access
"Slow loading during transfers, takes forever Very disappointed.","slow loading during transfers, takes forever very disappointed.",1,2026-05-04,BOA,negative,0.6375000000000001,Transaction Performance
Support team resolved my issue in 10 minutes Great work!,support team resolved my issue in minutes great work!,4,2026-02-22,BOA,positive,1.0,Customer Support
Security features are good but app is slow,security features are good but app is slow,3,2026-01-20,BOA,positive,0.19999999999999996,Transaction Performance
Good features but needs performance improvement Highly recommend.,good features but needs performance improvement highly recommend.,1,2026-04-22,BOA,positive,0.43,Feature Requests
"Unable to check balance, shows error So frustrating.","unable to check balance, shows error so frustrating.",1,2026-04-12,BOA,negative,0.45,Account Access
Security features are good but app is slow Please fix!,security features are good but app is slow please fix!,1,2026-01-10,BOA,positive,0.16249999999999995,Transaction Performance
Security features are good but app is slow Very disappointed.,security features are good but app is slow very disappointed.,1,2025-12-05,BOA,negative,0.19166666666666674,Transaction Performance
Needs better notification system Very disappointed.,needs better notification system very disappointed.,1,2026-03-11,BOA,negative,0.23750000000000004,Feature Requests
Fingerprint login would be great addition Great work!,fingerprint login would be great addition great work!,5,2026-03-18,BOA,positive,0.9,Feature Requests
Support team resolved my issue in 10 minutes Great work!,support team resolved my issue in minutes great work!,1,2026-03-18,BOA,positive,1.0,Customer Support
"Transaction failed multiple times today, very frustrating Very disappointed.","transaction failed multiple times today, very frustrating very disappointed.",5,2026-02-12,BOA,negative,0.49875,Transaction Performance
Needs better notification system Update needed.,needs better notification system update needed.,4,2026-04-01,BOA,positive,0.5,Feature Requests
"Unable to check balance, shows error Highly recommend.","unable to check balance, shows error highly recommend.",5,2026-01-11,BOA,negative,0.16999999999999998,Account Access
Security features are good but app is slow Highly recommend.,security features are good but app is slow highly recommend.,1,2026-01-18,BOA,positive,0.18666666666666665,Transaction Performance
App freezes on payment screen every time,app freezes on payment screen every time,1,2026-04-27,BOA,neutral,0.5,Transaction Performance
App freezes on payment screen every time Highly recommend.,app freezes on payment screen every time highly recommend.,2,2025-11-27,BOA,positive,0.16,Transaction Performance
Support team resolved my issue in 10 minutes Very disappointed.,support team resolved my issue in minutes very disappointed.,1,2026-04-11,BOA,negative,0.9750000000000001,Customer Support
"Transaction failed multiple times today, very frustrating Very disappointed.","transaction failed multiple times today, very frustrating very disappointed.",3,2025-12-19,BOA,negative,0.49875,Transaction Performance
"Slow loading during transfers, takes forever Great work!","slow loading during transfers, takes forever great work!",3,2026-04-02,BOA,positive,0.35,Transaction Performance
"OTP not received, cannot complete transaction Very disappointed.","otp not received, cannot complete transaction very disappointed.",1,2026-02-03,BOA,negative,0.43750000000000006,Transaction Performance
Security features are good but app is slow Great work!,security features are good but app is slow great work!,3,2026-02-03,BOA,positive,0.4666666666666666,Transaction Performance
"UI is confusing, not user friendly Highly recommend.","ui is confusing, not user friendly highly recommend.",3,2026-01-08,BOA,neutral,0.5,UI and Design
Customer support is helpful but app needs work Great work!,customer support is helpful but app needs work great work!,2,2026-04-22,BOA,positive,1.0,Customer Support
Good features but needs performance improvement Very disappointed.,good features but needs performance improvement very disappointed.,2,2026-01-13,BOA,negative,0.13750000000000007,Feature Requests
Support team resolved my issue in 10 minutes Please fix!,support team resolved my issue in minutes please fix!,1,2025-11-26,BOA,neutral,0.5,Customer Support
App freezes on payment screen every time Very disappointed.,app freezes on payment screen every time very disappointed.,3,2026-02-21,BOA,negative,0.9750000000000001,Transaction Performance
"Transaction failed multiple times today, very frustrating Please fix!","transaction failed multiple times today, very frustrating please fix!",2,2026-04-29,BOA,negative,0.3833333333333333,Transaction Performance
"Transaction failed multiple times today, very frustrating Highly recommend.","transaction failed multiple times today, very frustrating highly recommend.",4,2026-04-02,BOA,negative,0.215,Transaction Performance
Support team resolved my issue in 10 minutes So frustrating.,support team resolved my issue in minutes so frustrating.,2,2026-01-29,BOA,negative,0.4,Customer Support
Please add QR payment feature Highly recommend.,please add qr payment feature highly recommend.,1,2026-01-16,BOA,positive,0.16,Feature Requests
"App crashes frequently, very unreliable Great work!","app crashes frequently, very unreliable great work!",4,2026-04-25,BOA,positive,0.6,App Stability
Good features but needs performance improvement Highly recommend.,good features but needs performance improvement highly recommend.,3,2026-04-01,BOA,positive,0.43,Feature Requests
Needs better notification system Please fix!,needs better notification system please fix!,5,2026-04-27,BOA,positive,0.625,Feature Requests
"OTP not received, cannot complete transaction Update needed.","otp not received, cannot complete transaction update needed.",5,2025-12-01,BOA,positive,0.1,Transaction Performance
"UI is confusing, not user friendly Update needed.","ui is confusing, not user friendly update needed.",5,2026-04-22,BOA,neutral,0.5,UI and Design
"Transaction failed multiple times today, very frustrating Highly recommend.","transaction failed multiple times today, very frustrating highly recommend.",2,2026-03-26,BOA,negative,0.215,Transaction Performance
Fingerprint login would be great addition So frustrating.,fingerprint login would be great addition so frustrating.,2,2026-03-13,BOA,positive,0.2,Feature Requests
App could use better notification system Great work!,app could use better notification system great work!,4,2025-12-01,Dashen,positive,0.75,Feature Requests
"Good UI, very intuitive and easy to navigate","good ui, very intuitive and easy to navigate",2,2025-12-23,Dashen,positive,0.4444444444444444,UI and Design
Fingerprint login would be convenient Highly recommend.,fingerprint login would be convenient highly recommend.,5,2026-03-09,Dashen,positive,0.16,Account Access
"Good UI, very intuitive and easy to navigate","good ui, very intuitive and easy to navigate",5,2026-02-12,Dashen,positive,0.4444444444444444,UI and Design
Fingerprint login would be convenient Update needed.,fingerprint login would be convenient update needed.,2,2026-01-21,Dashen,neutral,0.5,Account Access
Transaction processing is fast and reliable So frustrating.,transaction processing is fast and reliable so frustrating.,1,2026-02-17,Dashen,negative,0.1,Transaction Performance
Customer service responded quickly to my query Highly recommend.,customer service responded quickly to my query highly recommend.,1,2026-05-16,Dashen,positive,0.24666666666666665,UI and Design
App could use better notification system So frustrating.,app could use better notification system so frustrating.,1,2026-01-16,Dashen,neutral,0.5,Feature Requests
"Need budgeting tools please, would be very helpful Great work!","need budgeting tools please, would be very helpful great work!",4,2026-01-26,Dashen,positive,0.6,Feature Requests
Sometimes slow but generally good experience Please fix!,sometimes slow but generally good experience please fix!,5,2025-12-31,Dashen,positive,0.2875,Transaction Performance
"Working great so far, no major issues Please fix!","working great so far, no major issues please fix!",3,2026-04-01,Dashen,positive,0.2869791666666667,Other
"Fast transfers, love the speed and reliability Great work!","fast transfers, love the speed and reliability great work!",4,2025-11-24,Dashen,positive,0.5666666666666667,Transaction Performance
"Working great so far, no major issues So frustrating.","working great so far, no major issues so frustrating.",5,2026-02-25,Dashen,positive,0.1171875,Other
"Fast transfers, love the speed and reliability","fast transfers, love the speed and reliability",4,2025-12-28,Dashen,positive,0.35,Transaction Performance
Love the new features being added regularly Update needed.,love the new features being added regularly update needed.,4,2025-12-01,Dashen,positive,0.21212121212121213,Feature Requests
Please add QR payment feature like other banks Update needed.,please add qr payment feature like other banks update needed.,4,2026-03-04,Dashen,negative,0.125,Feature Requests
Customer service responded quickly to my query,customer service responded quickly to my query,5,2026-03-09,Dashen,positive,0.3333333333333333,UI and Design
App could use better notification system,app could use better notification system,3,2026-05-12,Dashen,positive,0.5,Feature Requests
"Working great so far, no major issues Great work!","working great so far, no major issues great work!",5,2025-12-23,Dashen,positive,0.4671875,Other
Sometimes slow but generally good experience,sometimes slow but generally good experience,4,2026-02-12,Dashen,positive,0.19999999999999996,Transaction Performance
"Very secure, feels safe to use Update needed.","very secure, feels safe to use update needed.",5,2025-12-24,Dashen,positive,0.51,Other
OTP sometimes delayed but works eventually Update needed.,otp sometimes delayed but works eventually update needed.,3,2026-02-28,Dashen,neutral,0.5,Account Access
Transaction processing is fast and reliable Great work!,transaction processing is fast and reliable great work!,5,2026-05-10,Dashen,positive,0.6,Transaction Performance
Please add QR payment feature like other banks Great work!,please add qr payment feature like other banks great work!,5,2026-03-01,Dashen,positive,0.4375,Feature Requests
OTP sometimes delayed but works eventually Very disappointed.,otp sometimes delayed but works eventually very disappointed.,4,2026-02-15,Dashen,negative,0.9750000000000001,Account Access
Sometimes slow but generally good experience Highly recommend.,sometimes slow but generally good experience highly recommend.,1,2025-11-26,Dashen,positive,0.18666666666666665,Transaction Performance
Love the new features being added regularly,love the new features being added regularly,3,2026-01-11,Dashen,positive,0.21212121212121213,Feature Requests
"Good UI, very intuitive and easy to navigate","good ui, very intuitive and easy to navigate",3,2026-03-18,Dashen,positive,0.4444444444444444,UI and Design
Transaction processing is fast and reliable Please fix!,transaction processing is fast and reliable please fix!,5,2026-04-26,Dashen,positive,0.25,Transaction Performance
Customer service responded quickly to my query Highly recommend.,customer service responded quickly to my query highly recommend.,3,2025-11-27,Dashen,positive,0.24666666666666665,UI and Design
"Working great so far, no major issues","working great so far, no major issues",3,2026-05-11,Dashen,positive,0.28958333333333336,Other
"Fast transfers, love the speed and reliability So frustrating.","fast transfers, love the speed and reliability so frustrating.",5,2026-01-16,Dashen,neutral,0.5,Transaction Performance
Love the new features being added regularly Very disappointed.,love the new features being added regularly very disappointed.,3,2026-04-23,Dashen,negative,0.11287878787878791,Feature Requests
"Working great so far, no major issues","working great so far, no major issues",5,2026-03-28,Dashen,positive,0.28958333333333336,Other
Dark mode needed for night usage Please fix!,dark mode needed for night usage please fix!,4,2026-04-24,Dashen,negative,0.1875,Feature Requests
"Working great so far, no major issues Please fix!","working great so far, no major issues please fix!",5,2026-03-13,Dashen,positive,0.2869791666666667,Other
Please add QR payment feature like other banks Very disappointed.,please add qr payment feature like other banks very disappointed.,5,2026-05-18,Dashen,negative,0.55,Feature Requests
"Fast transfers, love the speed and reliability Update needed.","fast transfers, love the speed and reliability update needed.",4,2026-04-05,Dashen,positive,0.35,Transaction Performance
Please add QR payment feature like other banks Update needed.,please add qr payment feature like other banks update needed.,5,2026-04-27,Dashen,negative,0.125,Feature Requests
"Very secure, feels safe to use Very disappointed.","very secure, feels safe to use very disappointed.",2,2026-03-04,Dashen,neutral,0.5,Other
Customer service responded quickly to my query Highly recommend.,customer service responded quickly to my query highly recommend.,5,2026-04-19,Dashen,positive,0.24666666666666665,UI and Design
Dark mode needed for night usage Great work!,dark mode needed for night usage great work!,4,2026-02-27,Dashen,positive,0.425,Feature Requests
Please add QR payment feature like other banks Update needed.,please add qr payment feature like other banks update needed.,4,2026-03-28,Dashen,negative,0.125,Feature Requests
Sometimes slow but generally good experience Please fix!,sometimes slow but generally good experience please fix!,5,2026-04-16,Dashen,positive,0.2875,Transaction Performance
"Good UI, very intuitive and easy to navigate So frustrating.","good ui, very intuitive and easy to navigate so frustrating.",4,2025-11-30,Dashen,positive,0.2333333333333333,UI and Design
Fingerprint login would be convenient Please fix!,fingerprint login would be convenient please fix!,4,2026-04-02,Dashen,neutral,0.5,Account Access
Please add QR payment feature like other banks Please fix!,please add qr payment feature like other banks please fix!,4,2026-01-16,Dashen,negative,0.15625,Feature Requests
Fingerprint login would be convenient Great work!,fingerprint login would be convenient great work!,2,2026-01-22,Dashen,positive,1.0,Account Access
"Fast transfers, love the speed and reliability Highly recommend.","fast transfers, love the speed and reliability highly recommend.",2,2026-05-03,Dashen,positive,0.2866666666666667,Transaction Performance
"Need budgeting tools please, would be very helpful","need budgeting tools please, would be very helpful",3,2026-01-23,Dashen,positive,0.2,Feature Requests
"Very secure, feels safe to use Please fix!","very secure, feels safe to use please fix!",4,2026-02-21,Dashen,positive,0.5725,Other
Transaction processing is fast and reliable So frustrating.,transaction processing is fast and reliable so frustrating.,5,2026-02-05,Dashen,negative,0.1,Transaction Performance
"Working great so far, no major issues So frustrating.","working great so far, no major issues so frustrating.",4,2026-05-03,Dashen,positive,0.1171875,Other
Love the new features being added regularly Update needed.,love the new features being added regularly update needed.,3,2026-04-20,Dashen,positive,0.21212121212121213,Feature Requests
Sometimes slow but generally good experience Please fix!,sometimes slow but generally good experience please fix!,2,2026-03-14,Dashen,positive,0.2875,Transaction Performance
Transaction processing is fast and reliable Please fix!,transaction processing is fast and reliable please fix!,5,2026-03-13,Dashen,positive,0.25,Transaction Performance
Dark mode needed for night usage Very disappointed.,dark mode needed for night usage very disappointed.,4,2026-04-23,Dashen,negative,0.5625,Feature Requests
Dark mode needed for night usage Very disappointed.,dark mode needed for night usage very disappointed.,1,2025-12-10,Dashen,negative,0.5625,Feature Requests
Sometimes slow but generally good experience So frustrating.,sometimes slow but generally good experience so frustrating.,3,2026-02-01,Dashen,neutral,0.5,Transaction Performance
"Working great so far, no major issues Highly recommend.","working great so far, no major issues highly recommend.",2,2026-04-11,Dashen,positive,0.2571875,Other
Fingerprint login would be convenient So frustrating.,fingerprint login would be convenient so frustrating.,5,2025-11-20,Dashen,negative,0.4,Account Access
"Best banking app in Ethiopia, very satisfied Update needed.","best banking app in ethiopia, very satisfied update needed.",3,2025-12-21,Dashen,positive,0.825,Other
Please add QR payment feature like other banks Highly recommend.,please add qr payment feature like other banks highly recommend.,5,2026-03-31,Dashen,neutral,0.5,Feature Requests
App could use better notification system Update needed.,app could use better notification system update needed.,4,2026-04-27,Dashen,positive,0.5,Feature Requests
"Working great so far, no major issues","working great so far, no major issues",5,2026-01-21,Dashen,positive,0.28958333333333336,Other
Love the new features being added regularly,love the new features being added regularly,4,2026-04-08,Dashen,positive,0.21212121212121213,Feature Requests
"Fast transfers, love the speed and reliability Very disappointed.","fast transfers, love the speed and reliability very disappointed.",5,2026-04-06,Dashen,neutral,0.5,Transaction Performance
"Fast transfers, love the speed and reliability Very disappointed.","fast transfers, love the speed and reliability very disappointed.",4,2025-12-26,Dashen,neutral,0.5,Transaction Performance
Fingerprint login would be convenient Great work!,fingerprint login would be convenient great work!,3,2026-05-07,Dashen,positive,1.0,Account Access
"Working great so far, no major issues Very disappointed.","working great so far, no major issues very disappointed.",4,2026-03-28,Dashen,neutral,0.5,Other
"Need budgeting tools please, would be very helpful","need budgeting tools please, would be very helpful",1,2025-12-29,Dashen,positive,0.2,Feature Requests
Please add QR payment feature like other banks Update needed.,please add qr payment feature like other banks update needed.,3,2026-01-15,Dashen,negative,0.125,Feature Requests
"Good UI, very intuitive and easy to navigate Highly recommend.","good ui, very intuitive and easy to navigate highly recommend.",5,2026-05-08,Dashen,positive,0.3733333333333333,UI and Design
Dark mode needed for night usage Update needed.,dark mode needed for night usage update needed.,3,2026-03-10,Dashen,negative,0.15,Feature Requests
Sometimes slow but generally good experience Very disappointed.,sometimes slow but generally good experience very disappointed.,5,2025-12-15,Dashen,negative,0.19166666666666674,Transaction Performance
"Fast transfers, love the speed and reliability Update needed.","fast transfers, love the speed and reliability update needed.",4,2025-12-09,Dashen,positive,0.35,Transaction Performance
"Need budgeting tools please, would be very helpful Update needed.","need budgeting tools please, would be very helpful update needed.",5,2026-02-03,Dashen,positive,0.2,Feature Requests
Please add QR payment feature like other banks Very disappointed.,please add qr payment feature like other banks very disappointed.,2,2026-02-22,Dashen,negative,0.55,Feature Requests
"Fast transfers, love the speed and reliability","fast transfers, love the speed and reliability",4,2026-01-02,Dashen,positive,0.35,Transaction Performance
"Good UI, very intuitive and easy to navigate Great work!","good ui, very intuitive and easy to navigate great work!",5,2026-01-21,Dashen,positive,0.5833333333333333,UI and Design
"Fast transfers, love the speed and reliability Update needed.","fast transfers, love the speed and reliability update needed.",3,2026-01-18,Dashen,positive,0.35,Transaction Performance
"Best banking app in Ethiopia, very satisfied Very disappointed.","best banking app in ethiopia, very satisfied very disappointed.",4,2026-05-05,Dashen,positive,0.22499999999999995,Other
"Working great so far, no major issues Please fix!","working great so far, no major issues please fix!",2,2026-04-14,Dashen,positive,0.2869791666666667,Other
Fingerprint login would be convenient,fingerprint login would be convenient,4,2026-03-06,Dashen,neutral,0.5,Account Access
"Good UI, very intuitive and easy to navigate Update needed.","good ui, very intuitive and easy to navigate update needed.",4,2026-04-01,Dashen,positive,0.4444444444444444,UI and Design
Transaction processing is fast and reliable Very disappointed.,transaction processing is fast and reliable very disappointed.,2,2026-01-02,Dashen,negative,0.38750000000000007,Transaction Performance
"Best banking app in Ethiopia, very satisfied Very disappointed.","best banking app in ethiopia, very satisfied very disappointed.",1,2026-05-03,Dashen,positive,0.22499999999999995,Other
"Working great so far, no major issues Highly recommend.","working great so far, no major issues highly recommend.",1,2026-04-21,Dashen,positive,0.2571875,Other
"Fast transfers, love the speed and reliability So frustrating.","fast transfers, love the speed and reliability so frustrating.",5,2026-03-28,Dashen,neutral,0.5,Transaction Performance
"Best banking app in Ethiopia, very satisfied Update needed.","best banking app in ethiopia, very satisfied update needed.",4,2026-05-13,Dashen,positive,0.825,Other
"Good UI, very intuitive and easy to navigate Please fix!","good ui, very intuitive and easy to navigate please fix!",4,2025-12-12,Dashen,positive,0.48055555555555557,UI and Design
"Need budgeting tools please, would be very helpful Great work!","need budgeting tools please, would be very helpful great work!",4,2025-12-14,Dashen,positive,0.6,Feature Requests
"Good UI, very intuitive and easy to navigate Highly recommend.","good ui, very intuitive and easy to navigate highly recommend.",4,2026-05-10,Dashen,positive,0.3733333333333333,UI and Design
Customer service responded quickly to my query,customer service responded quickly to my query,5,2026-02-03,Dashen,positive,0.3333333333333333,UI and Design
Transaction processing is fast and reliable,transaction processing is fast and reliable,3,2026-02-02,Dashen,positive,0.2,Transaction Performance
Please add QR payment feature like other banks Please fix!,please add qr payment feature like other banks please fix!,5,2025-12-24,Dashen,negative,0.15625,Feature Requests
"Need budgeting tools please, would be very helpful Please fix!","need budgeting tools please, would be very helpful please fix!",5,2025-12-15,Dashen,positive,0.25,Feature Requests
Dark mode needed for night usage Highly recommend.,dark mode needed for night usage highly recommend.,2,2026-01-08,Dashen,neutral,0.5,Feature Requests
Love the new features being added regularly,love the new features being added regularly,5,2026-04-27,Dashen,positive,0.21212121212121213,Feature Requests
"Fast transfers, love the speed and reliability Update needed.","fast transfers, love the speed and reliability update needed.",5,2026-01-26,Dashen,positive,0.35,Transaction Performance
Please add QR payment feature like other banks Great work!,please add qr payment feature like other banks great work!,3,2026-01-22,Dashen,positive,0.4375,Feature Requests
"Need budgeting tools please, would be very helpful Great work!","need budgeting tools please, would be very helpful great work!",4,2025-12-27,Dashen,positive,0.6,Feature Requests
"Good UI, very intuitive and easy to navigate Update needed.","good ui, very intuitive and easy to navigate update needed.",5,2026-04-17,Dashen,positive,0.4444444444444444,UI and Design
Transaction processing is fast and reliable,transaction processing is fast and reliable,4,2026-01-09,Dashen,positive,0.2,Transaction Performance
Please add QR payment feature like other banks,please add qr payment feature like other banks,5,2025-12-07,Dashen,negative,0.125,Feature Requests
Transaction processing is fast and reliable Update needed.,transaction processing is fast and reliable update needed.,4,2025-11-24,Dashen,positive,0.2,Transaction Performance
Sometimes slow but generally good experience Highly recommend.,sometimes slow but generally good experience highly recommend.,3,2026-02-06,Dashen,positive,0.18666666666666665,Transaction Performance
Love the new features being added regularly Update needed.,love the new features being added regularly update needed.,4,2026-05-15,Dashen,positive,0.21212121212121213,Feature Requests
"Fast transfers, love the speed and reliability Very disappointed.","fast transfers, love the speed and reliability very disappointed.",3,2026-03-11,Dashen,neutral,0.5,Transaction Performance
Customer service responded quickly to my query Very disappointed.,customer service responded quickly to my query very disappointed.,1,2026-02-09,Dashen,negative,0.3208333333333334,UI and Design
"Very secure, feels safe to use Great work!","very secure, feels safe to use great work!",3,2025-11-26,Dashen,positive,0.6733333333333333,Other
"Working great so far, no major issues Please fix!","working great so far, no major issues please fix!",4,2025-11-25,Dashen,positive,0.2869791666666667,Other
"Need budgeting tools please, would be very helpful Update needed.","need budgeting tools please, would be very helpful update needed.",1,2026-04-08,Dashen,positive,0.2,Feature Requests
"Working great so far, no major issues Please fix!","working great so far, no major issues please fix!",1,2026-03-06,Dashen,positive,0.2869791666666667,Other
App could use better notification system Please fix!,app could use better notification system please fix!,4,2026-03-23,Dashen,positive,0.625,Feature Requests
App could use better notification system Update needed.,app could use better notification system update needed.,4,2026-01-15,Dashen,positive,0.5,Feature Requests
"Need budgeting tools please, would be very helpful","need budgeting tools please, would be very helpful",3,2026-04-25,Dashen,positive,0.2,Feature Requests
"Best banking app in Ethiopia, very satisfied","best banking app in ethiopia, very satisfied",1,2025-12-12,Dashen,positive,0.825,Other
"Best banking app in Ethiopia, very satisfied Please fix!","best banking app in ethiopia, very satisfied please fix!",5,2026-01-09,Dashen,positive,0.90625,Other
App could use better notification system Please fix!,app could use better notification system please fix!,4,2025-11-28,Dashen,positive,0.625,Feature Requests
"Fast transfers, love the speed and reliability Update needed.","fast transfers, love the speed and reliability update needed.",5,2026-04-25,Dashen,positive,0.35,Transaction Performance
"Need budgeting tools please, would be very helpful Highly recommend.","need budgeting tools please, would be very helpful highly recommend.",5,2025-11-28,Dashen,positive,0.18,Feature Requests
Transaction processing is fast and reliable Great work!,transaction processing is fast and reliable great work!,2,2026-03-10,Dashen,positive,0.6,Transaction Performance
"Working great so far, no major issues Great work!","working great so far, no major issues great work!",5,2026-05-08,Dashen,positive,0.4671875,Other
Dark mode needed for night usage,dark mode needed for night usage,4,2026-05-02,Dashen,negative,0.15,Feature Requests
"Fast transfers, love the speed and reliability Very disappointed.","fast transfers, love the speed and reliability very disappointed.",4,2026-01-02,Dashen,neutral,0.5,Transaction Performance
Fingerprint login would be convenient Please fix!,fingerprint login would be convenient please fix!,5,2025-12-14,Dashen,neutral,0.5,Account Access
Fingerprint login would be convenient So frustrating.,fingerprint login would be convenient so frustrating.,2,2026-01-22,Dashen,negative,0.4,Account Access
Customer service responded quickly to my query Please fix!,customer service responded quickly to my query please fix!,3,2026-03-14,Dashen,positive,0.41666666666666663,UI and Design
"Fast transfers, love the speed and reliability Please fix!","fast transfers, love the speed and reliability please fix!",4,2026-02-22,Dashen,positive,0.4125,Transaction Performance
"Fast transfers, love the speed and reliability So frustrating.","fast transfers, love the speed and reliability so frustrating.",4,2025-12-09,Dashen,neutral,0.5,Transaction Performance
"Fast transfers, love the speed and reliability So frustrating.","fast transfers, love the speed and reliability so frustrating.",5,2026-03-14,Dashen,neutral,0.5,Transaction Performance
"Need budgeting tools please, would be very helpful Please fix!","need budgeting tools please, would be very helpful please fix!",5,2026-02-24,Dashen,positive,0.25,Feature Requests
Transaction processing is fast and reliable Update needed.,transaction processing is fast and reliable update needed.,3,2025-12-17,Dashen,positive,0.2,Transaction Performance
Fingerprint login would be convenient So frustrating.,fingerprint login would be convenient so frustrating.,5,2026-04-17,Dashen,negative,0.4,Account Access
"Working great so far, no major issues Great work!","working great so far, no major issues great work!",2,2026-04-05,Dashen,positive,0.4671875,Other
Customer service responded quickly to my query Great work!,customer service responded quickly to my query great work!,2,2025-12-05,Dashen,positive,0.6666666666666666,UI and Design
Fingerprint login would be convenient So frustrating.,fingerprint login would be convenient so frustrating.,2,2025-12-04,Dashen,negative,0.4,Account Access
"Fast transfers, love the speed and reliability Great work!","fast transfers, love the speed and reliability great work!",4,2026-01-08,Dashen,positive,0.5666666666666667,Transaction Performance
"Need budgeting tools please, would be very helpful Very disappointed.","need budgeting tools please, would be very helpful very disappointed.",2,2026-03-02,Dashen,negative,0.38750000000000007,Feature Requests
Dark mode needed for night usage Highly recommend.,dark mode needed for night usage highly recommend.,1,2026-03-25,Dashen,neutral,0.5,Feature Requests
"Very secure, feels safe to use Great work!","very secure, feels safe to use great work!",1,2026-01-16,Dashen,positive,0.6733333333333333,Other
"Good UI, very intuitive and easy to navigate Very disappointed.","good ui, very intuitive and easy to navigate very disappointed.",3,2026-02-06,Dashen,neutral,0.5,UI and Design
Transaction processing is fast and reliable Please fix!,transaction processing is fast and reliable please fix!,2,2026-02-28,Dashen,positive,0.25,Transaction Performance
Transaction processing is fast and reliable,transaction processing is fast and reliable,3,2026-02-09,Dashen,positive,0.2,Transaction Performance
"Very secure, feels safe to use Update needed.","very secure, feels safe to use update needed.",4,2026-01-05,Dashen,positive,0.51,Other
Sometimes slow but generally good experience Highly recommend.,sometimes slow but generally good experience highly recommend.,2,2025-12-05,Dashen,positive,0.18666666666666665,Transaction Performance
"Fast transfers, love the speed and reliability","fast transfers, love the speed and reliability",3,2026-01-10,Dashen,positive,0.35,Transaction Performance
"Fast transfers, love the speed and reliability Please fix!","fast transfers, love the speed and reliability please fix!",2,2026-01-10,Dashen,positive,0.4125,Transaction Performance
Love the new features being added regularly Great work!,love the new features being added regularly great work!,4,2026-05-11,Dashen,positive,0.5454545454545454,Feature Requests
Please add QR payment feature like other banks Update needed.,please add qr payment feature like other banks update needed.,5,2026-03-06,Dashen,negative,0.125,Feature Requests
"Working great so far, no major issues So frustrating.","working great so far, no major issues so frustrating.",3,2026-01-21,Dashen,positive,0.1171875,Other
App could use better notification system Please fix!,app could use better notification system please fix!,3,2026-04-01,Dashen,positive,0.625,Feature Requests
"Good UI, very intuitive and easy to navigate Great work!","good ui, very intuitive and easy to navigate great work!",3,2025-12-22,Dashen,positive,0.5833333333333333,UI and Design
"Best banking app in Ethiopia, very satisfied Very disappointed.","best banking app in ethiopia, very satisfied very disappointed.",1,2026-02-06,Dashen,positive,0.22499999999999995,Other
Fingerprint login would be convenient Great work!,fingerprint login would be convenient great work!,4,2026-02-04,Dashen,positive,1.0,Account Access
"Very secure, feels safe to use Great work!","very secure, feels safe to use great work!",3,2025-12-01,Dashen,positive,0.6733333333333333,Other
"Working great so far, no major issues Highly recommend.","working great so far, no major issues highly recommend.",5,2026-02-07,Dashen,positive,0.2571875,Other
Customer service responded quickly to my query Update needed.,customer service responded quickly to my query update needed.,4,2026-02-21,Dashen,positive,0.3333333333333333,UI and Design
"Need budgeting tools please, would be very helpful Please fix!","need budgeting tools please, would be very helpful please fix!",2,2026-04-18,Dashen,positive,0.25,Feature Requests
Dark mode needed for night usage Very disappointed.,dark mode needed for night usage very disappointed.,2,2026-03-16,Dashen,negative,0.5625,Feature Requests
Fingerprint login would be convenient Very disappointed.,fingerprint login would be convenient very disappointed.,4,2026-05-06,Dashen,negative,0.9750000000000001,Account Access
Customer service responded quickly to my query So frustrating.,customer service responded quickly to my query so frustrating.,5,2026-04-23,Dashen,neutral,0.5,UI and Design
App could use better notification system So frustrating.,app could use better notification system so frustrating.,5,2026-04-30,Dashen,neutral,0.5,Feature Requests
Fingerprint login would be convenient Very disappointed.,fingerprint login would be convenient very disappointed.,1,2025-12-31,Dashen,negative,0.9750000000000001,Account Access
Please add QR payment feature like other banks Very disappointed.,please add qr payment feature like other banks very disappointed.,5,2026-02-20,Dashen,negative,0.55,Feature Requests
Sometimes slow but generally good experience So frustrating.,sometimes slow but generally good experience so frustrating.,4,2025-12-30,Dashen,neutral,0.5,Transaction Performance
"Need budgeting tools please, would be very helpful Please fix!","need budgeting tools please, would be very helpful please fix!",1,2026-01-14,Dashen,positive,0.25,Feature Requests
Dark mode needed for night usage,dark mode needed for night usage,5,2026-04-09,Dashen,negative,0.15,Feature Requests
Please add QR payment feature like other banks Highly recommend.,please add qr payment feature like other banks highly recommend.,3,2025-12-12,Dashen,neutral,0.5,Feature Requests
"Best banking app in Ethiopia, very satisfied Great work!","best banking app in ethiopia, very satisfied great work!",2,2026-03-14,Dashen,positive,0.8833333333333333,Other
Sometimes slow but generally good experience Update needed.,sometimes slow but generally good experience update needed.,3,2026-01-21,Dashen,positive,0.19999999999999996,Transaction Performance
Customer service responded quickly to my query Very disappointed.,customer service responded quickly to my query very disappointed.,3,2025-12-21,Dashen,negative,0.3208333333333334,UI and Design
Dark mode needed for night usage So frustrating.,dark mode needed for night usage so frustrating.,3,2026-04-21,Dashen,negative,0.275,Feature Requests
Customer service responded quickly to my query Please fix!,customer service responded quickly to my query please fix!,5,2026-05-12,Dashen,positive,0.41666666666666663,UI and Design
Love the new features being added regularly Highly recommend.,love the new features being added regularly highly recommend.,5,2026-03-27,Dashen,positive,0.26545454545454544,Feature Requests
Fingerprint login would be convenient Great work!,fingerprint login would be convenient great work!,4,2026-01-19,Dashen,positive,1.0,Account Access
"Very secure, feels safe to use Please fix!","very secure, feels safe to use please fix!",2,2025-12-04,Dashen,positive,0.5725,Other
Transaction processing is fast and reliable Please fix!,transaction processing is fast and reliable please fix!,3,2026-02-01,Dashen,positive,0.25,Transaction Performance
Sometimes slow but generally good experience Great work!,sometimes slow but generally good experience great work!,4,2026-05-01,Dashen,positive,0.4666666666666666,Transaction Performance
"Need budgeting tools please, would be very helpful Highly recommend.","need budgeting tools please, would be very helpful highly recommend.",5,2025-12-19,Dashen,positive,0.18,Feature Requests
"Very secure, feels safe to use","very secure, feels safe to use",3,2026-02-18,Dashen,positive,0.51,Other
Sometimes slow but generally good experience So frustrating.,sometimes slow but generally good experience so frustrating.,4,2026-01-30,Dashen,neutral,0.5,Transaction Performance
OTP sometimes delayed but works eventually So frustrating.,otp sometimes delayed but works eventually so frustrating.,3,2026-01-08,Dashen,negative,0.4,Account Access
App could use better notification system,app could use better notification system,5,2026-01-07,Dashen,positive,0.5,Feature Requests
Dark mode needed for night usage Highly recommend.,dark mode needed for night usage highly recommend.,4,2026-05-04,Dashen,neutral,0.5,Feature Requests
Love the new features being added regularly Very disappointed.,love the new features being added regularly very disappointed.,5,2025-12-07,Dashen,negative,0.11287878787878791,Feature Requests
Please add QR payment feature like other banks,please add qr payment feature like other banks,5,2026-03-24,Dashen,negative,0.125,Feature Requests
"Fast transfers, love the speed and reliability Update needed.","fast transfers, love the speed and reliability update needed.",3,2026-03-03,Dashen,positive,0.35,Transaction Performance
"Best banking app in Ethiopia, very satisfied Great work!","best banking app in ethiopia, very satisfied great work!",5,2026-04-20,Dashen,positive,0.8833333333333333,Other
"Working great so far, no major issues Highly recommend.","working great so far, no major issues highly recommend.",5,2026-05-02,Dashen,positive,0.2571875,Other
"Fast transfers, love the speed and reliability Very disappointed.","fast transfers, love the speed and reliability very disappointed.",2,2025-12-23,Dashen,neutral,0.5,Transaction Performance
App could use better notification system Update needed.,app could use better notification system update needed.,2,2026-03-20,Dashen,positive,0.5,Feature Requests
App could use better notification system Very disappointed.,app could use better notification system very disappointed.,1,2026-04-07,Dashen,negative,0.23750000000000004,Feature Requests
Dark mode needed for night usage Highly recommend.,dark mode needed for night usage highly recommend.,1,2026-05-09,Dashen,neutral,0.5,Feature Requests
App could use better notification system,app could use better notification system,1,2026-02-28,Dashen,positive,0.5,Feature Requests
"Fast transfers, love the speed and reliability Please fix!","fast transfers, love the speed and reliability please fix!",4,2026-03-08,Dashen,positive,0.4125,Transaction Performance
"Working great so far, no major issues Very disappointed.","working great so far, no major issues very disappointed.",5,2026-01-11,Dashen,neutral,0.5,Other
Love the new features being added regularly Highly recommend.,love the new features being added regularly highly recommend.,3,2026-04-14,Dashen,positive,0.26545454545454544,Feature Requests
"Need budgeting tools please, would be very helpful So frustrating.","need budgeting tools please, would be very helpful so frustrating.",4,2026-02-03,Dashen,negative,0.1,Feature Requests
Fingerprint login would be convenient Update needed.,fingerprint login would be convenient update needed.,4,2026-02-24,Dashen,neutral,0.5,Account Access
Sometimes slow but generally good experience,sometimes slow but generally good experience,5,2026-04-07,Dashen,positive,0.19999999999999996,Transaction Performance
Sometimes slow but generally good experience Very disappointed.,sometimes slow but generally good experience very disappointed.,5,2025-11-21,Dashen,negative,0.19166666666666674,Transaction Performance
App could use better notification system Great work!,app could use better notification system great work!,1,2026-04-07,Dashen,positive,0.75,Feature Requests
"Need budgeting tools please, would be very helpful Very disappointed.","need budgeting tools please, would be very helpful very disappointed.",3,2025-12-27,Dashen,negative,0.38750000000000007,Feature Requests
OTP sometimes delayed but works eventually,otp sometimes delayed but works eventually,3,2026-02-17,Dashen,neutral,0.5,Account Access
Customer service responded quickly to my query,customer service responded quickly to my query,1,2026-01-05,Dashen,positive,0.3333333333333333,UI and Design
App could use better notification system Great work!,app could use better notification system great work!,4,2026-03-12,Dashen,positive,0.75,Feature Requests
App could use better notification system Highly recommend.,app could use better notification system highly recommend.,4,2026-04-17,Dashen,positive,0.33,Feature Requests
"Fast transfers, love the speed and reliability So frustrating.","fast transfers, love the speed and reliability so frustrating.",4,2026-04-01,Dashen,neutral,0.5,Transaction Performance
Fingerprint login would be convenient Great work!,fingerprint login would be convenient great work!,5,2025-12-26,Dashen,positive,1.0,Account Access
"Best banking app in Ethiopia, very satisfied Update needed.","best banking app in ethiopia, very satisfied update needed.",3,2026-01-26,Dashen,positive,0.825,Other
"Need budgeting tools please, would be very helpful Great work!","need budgeting tools please, would be very helpful great work!",3,2026-05-06,Dashen,positive,0.6,Feature Requests
Fingerprint login would be convenient Great work!,fingerprint login would be convenient great work!,1,2026-01-21,Dashen,positive,1.0,Account Access
"Very secure, feels safe to use","very secure, feels safe to use",5,2026-04-18,Dashen,positive,0.51,Other
"Need budgeting tools please, would be very helpful Highly recommend.","need budgeting tools please, would be very helpful highly recommend.",4,2026-02-25,Dashen,positive,0.18,Feature Requests
Transaction processing is fast and reliable Very disappointed.,transaction processing is fast and reliable very disappointed.,3,2026-01-03,Dashen,negative,0.38750000000000007,Transaction Performance
Please add QR payment feature like other banks Very disappointed.,please add qr payment feature like other banks very disappointed.,4,2025-11-23,Dashen,negative,0.55,Feature Requests
Fingerprint login would be convenient Update needed.,fingerprint login would be convenient update needed.,2,2025-12-21,Dashen,neutral,0.5,Account Access
App could use better notification system Very disappointed.,app could use better notification system very disappointed.,5,2026-05-08,Dashen,negative,0.23750000000000004,Feature Requests
"Very secure, feels safe to use So frustrating.","very secure, feels safe to use so frustrating.",4,2026-03-05,Dashen,positive,0.20666666666666667,Other
"Working great so far, no major issues","working great so far, no major issues",1,2026-03-20,Dashen,positive,0.28958333333333336,Other
Fingerprint login would be convenient So frustrating.,fingerprint login would be convenient so frustrating.,2,2025-12-09,Dashen,negative,0.4,Account Access
"Need budgeting tools please, would be very helpful So frustrating.","need budgeting tools please, would be very helpful so frustrating.",5,2025-11-28,Dashen,negative,0.1,Feature Requests
Please add QR payment feature like other banks,please add qr payment feature like other banks,3,2025-11-20,Dashen,negative,0.125,Feature Requests
"Best banking app in Ethiopia, very satisfied","best banking app in ethiopia, very satisfied",3,2026-04-09,Dashen,positive,0.825,Other
Love the new features being added regularly Very disappointed.,love the new features being added regularly very disappointed.,5,2026-01-10,Dashen,negative,0.11287878787878791,Feature Requests
"Fast transfers, love the speed and reliability Update needed.","fast transfers, love the speed and reliability update needed.",2,2026-03-22,Dashen,positive,0.35,Transaction Performance
Sometimes slow but generally good experience Very disappointed.,sometimes slow but generally good experience very disappointed.,5,2026-03-21,Dashen,negative,0.19166666666666674,Transaction Performance
Fingerprint login would be convenient,fingerprint login would be convenient,3,2025-12-01,Dashen,neutral,0.5,Account Access
"Working great so far, no major issues Great work!","working great so far, no major issues great work!",4,2026-04-21,Dashen,positive,0.4671875,Other
OTP sometimes delayed but works eventually Update needed.,otp sometimes delayed but works eventually update needed.,4,2026-03-12,Dashen,neutral,0.5,Account Access
Transaction processing is fast and reliable Please fix!,transaction processing is fast and reliable please fix!,2,2026-03-21,Dashen,positive,0.25,Transaction Performance
"Need budgeting tools please, would be very helpful Very disappointed.","need budgeting tools please, would be very helpful very disappointed.",1,2026-04-08,Dashen,negative,0.38750000000000007,Feature Requests
Customer service responded quickly to my query Great work!,customer service responded quickly to my query great work!,5,2026-03-11,Dashen,positive,0.6666666666666666,UI and Design
Transaction processing is fast and reliable Update needed.,transaction processing is fast and reliable update needed.,3,2026-02-15,Dashen,positive,0.2,Transaction Performance
"Good UI, very intuitive and easy to navigate Please fix!","good ui, very intuitive and easy to navigate please fix!",3,2026-05-12,Dashen,positive,0.48055555555555557,UI and Design
"Working great so far, no major issues Please fix!","working great so far, no major issues please fix!",4,2026-03-15,Dashen,positive,0.2869791666666667,Other
Transaction processing is fast and reliable Great work!,transaction processing is fast and reliable great work!,5,2026-05-01,Dashen,positive,0.6,Transaction Performance
Fingerprint login would be convenient Please fix!,fingerprint login would be convenient please fix!,5,2026-05-06,Dashen,neutral,0.5,Account Access
"Fast transfers, love the speed and reliability Highly recommend.","fast transfers, love the speed and reliability highly recommend.",4,2026-03-24,Dashen,positive,0.2866666666666667,Transaction Performance
Transaction processing is fast and reliable Very disappointed.,transaction processing is fast and reliable very disappointed.,4,2026-02-22,Dashen,negative,0.38750000000000007,Transaction Performance
Please add QR payment feature like other banks,please add qr payment feature like other banks,4,2025-11-26,Dashen,negative,0.125,Feature Requests
"Very secure, feels safe to use Great work!","very secure, feels safe to use great work!",4,2026-01-01,Dashen,positive,0.6733333333333333,Other
"Best banking app in Ethiopia, very satisfied Very disappointed.","best banking app in ethiopia, very satisfied very disappointed.",1,2026-01-25,Dashen,positive,0.22499999999999995,Other
"Working great so far, no major issues So frustrating.","working great so far, no major issues so frustrating.",2,2025-11-22,Dashen,positive,0.1171875,Other
"Best banking app in Ethiopia, very satisfied","best banking app in ethiopia, very satisfied",5,2026-02-12,Dashen,positive,0.825,Other
"Working great so far, no major issues","working great so far, no major issues",3,2026-03-20,Dashen,positive,0.28958333333333336,Other
Dark mode needed for night usage Update needed.,dark mode needed for night usage update needed.,3,2026-01-05,Dashen,negative,0.15,Feature Requests
Please add QR payment feature like other banks,please add qr payment feature like other banks,5,2025-11-26,Dashen,negative,0.125,Feature Requests
Fingerprint login would be convenient Great work!,fingerprint login would be convenient great work!,5,2025-12-22,Dashen,positive,1.0,Account Access
Transaction processing is fast and reliable Highly recommend.,transaction processing is fast and reliable highly recommend.,5,2026-02-01,Dashen,positive,0.18,Transaction Performance
"Fast transfers, love the speed and reliability","fast transfers, love the speed and reliability",3,2026-01-27,Dashen,positive,0.35,Transaction Performance
"Good UI, very intuitive and easy to navigate Very disappointed.","good ui, very intuitive and easy to navigate very disappointed.",3,2026-04-10,Dashen,neutral,0.5,UI and Design
Customer service responded quickly to my query Please fix!,customer service responded quickly to my query please fix!,4,2025-12-24,Dashen,positive,0.41666666666666663,UI and Design
OTP sometimes delayed but works eventually Update needed.,otp sometimes delayed but works eventually update needed.,2,2026-03-12,Dashen,neutral,0.5,Account Access
App could use better notification system Great work!,app could use better notification system great work!,3,2026-03-05,Dashen,positive,0.75,Feature Requests
Fingerprint login would be convenient Please fix!,fingerprint login would be convenient please fix!,5,2026-01-25,Dashen,neutral,0.5,Account Access
Love the new features being added regularly,love the new features being added regularly,1,2025-12-17,Dashen,positive,0.21212121212121213,Feature Requests
Love the new features being added regularly Update needed.,love the new features being added regularly update needed.,3,2026-03-13,Dashen,positive,0.21212121212121213,Feature Requests
"Good UI, very intuitive and easy to navigate Highly recommend.","good ui, very intuitive and easy to navigate highly recommend.",1,2026-02-01,Dashen,positive,0.3733333333333333,UI and Design
Please add QR payment feature like other banks Great work!,please add qr payment feature like other banks great work!,4,2026-04-18,Dashen,positive,0.4375,Feature Requests
Please add QR payment feature like other banks So frustrating.,please add qr payment feature like other banks so frustrating.,3,2026-02-10,Dashen,negative,0.2625,Feature Requests
"Very secure, feels safe to use","very secure, feels safe to use",3,2025-12-13,Dashen,positive,0.51,Other
"Working great so far, no major issues So frustrating.","working great so far, no major issues so frustrating.",3,2026-03-22,Dashen,positive,0.1171875,Other
"Best banking app in Ethiopia, very satisfied So frustrating.","best banking app in ethiopia, very satisfied so frustrating.",1,2026-04-21,Dashen,positive,0.4166666666666667,Other
"Need budgeting tools please, would be very helpful So frustrating.","need budgeting tools please, would be very helpful so frustrating.",4,2025-11-24,Dashen,negative,0.1,Feature Requests
OTP sometimes delayed but works eventually Great work!,otp sometimes delayed but works eventually great work!,3,2026-01-31,Dashen,positive,1.0,Account Access
"Working great so far, no major issues Please fix!","working great so far, no major issues please fix!",4,2026-02-22,Dashen,positive,0.2869791666666667,Other
OTP sometimes delayed but works eventually Update needed.,otp sometimes delayed but works eventually update needed.,5,2025-12-10,Dashen,neutral,0.5,Account Access
"Very secure, feels safe to use So frustrating.","very secure, feels safe to use so frustrating.",3,2026-04-16,Dashen,positive,0.20666666666666667,Other
"Fast transfers, love the speed and reliability So frustrating.","fast transfers, love the speed and reliability so frustrating.",4,2025-12-14,Dashen,neutral,0.5,Transaction Performance
"Fast transfers, love the speed and reliability Very disappointed.","fast transfers, love the speed and reliability very disappointed.",2,2025-12-16,Dashen,neutral,0.5,Transaction Performance
Sometimes slow but generally good experience Please fix!,sometimes slow but generally good experience please fix!,5,2026-04-11,Dashen,positive,0.2875,Transaction Performance
Please add QR payment feature like other banks Highly recommend.,please add qr payment feature like other banks highly recommend.,3,2025-12-17,Dashen,neutral,0.5,Feature Requests
Please add QR payment feature like other banks So frustrating.,please add qr payment feature like other banks so frustrating.,4,2026-03-01,Dashen,negative,0.2625,Feature Requests
"Need budgeting tools please, would be very helpful","need budgeting tools please, would be very helpful",4,2026-02-10,Dashen,positive,0.2,Feature Requests
Dark mode needed for night usage,dark mode needed for night usage,4,2026-05-16,Dashen,negative,0.15,Feature Requests
Customer service responded quickly to my query Very disappointed.,customer service responded quickly to my query very disappointed.,2,2026-02-10,Dashen,negative,0.3208333333333334,UI and Design
Customer service responded quickly to my query Please fix!,customer service responded quickly to my query please fix!,3,2026-01-31,Dashen,positive,0.41666666666666663,UI and Design
"Very secure, feels safe to use Update needed.","very secure, feels safe to use update needed.",4,2026-03-12,Dashen,positive,0.51,Other
"Working great so far, no major issues So frustrating.","working great so far, no major issues so frustrating.",2,2025-12-26,Dashen,positive,0.1171875,Other
"Best banking app in Ethiopia, very satisfied Highly recommend.","best banking app in ethiopia, very satisfied highly recommend.",5,2026-01-23,Dashen,positive,0.6033333333333333,Other
"Best banking app in Ethiopia, very satisfied","best banking app in ethiopia, very satisfied",3,2026-04-20,Dashen,positive,0.825,Other
"Very secure, feels safe to use Highly recommend.","very secure, feels safe to use highly recommend.",5,2026-03-21,Dashen,positive,0.3933333333333333,Other
App could use better notification system,app could use better notification system,1,2025-12-29,Dashen,positive,0.5,Feature Requests
Transaction processing is fast and reliable Update needed.,transaction processing is fast and reliable update needed.,3,2026-02-15,Dashen,positive,0.2,Transaction Performance
"Working great so far, no major issues So frustrating.","working great so far, no major issues so frustrating.",1,2026-02-17,Dashen,positive,0.1171875,Other
App could use better notification system Highly recommend.,app could use better notification system highly recommend.,5,2025-12-15,Dashen,positive,0.33,Feature Requests
Customer service responded quickly to my query So frustrating.,customer service responded quickly to my query so frustrating.,1,2026-02-14,Dashen,neutral,0.5,UI and Design
OTP sometimes delayed but works eventually Great work!,otp sometimes delayed but works eventually great work!,3,2026-03-20,Dashen,positive,1.0,Account Access
Please add QR payment feature like other banks Highly recommend.,please add qr payment feature like other banks highly recommend.,3,2026-01-05,Dashen,neutral,0.5,Feature Requests
"Need budgeting tools please, would be very helpful Update needed.","need budgeting tools please, would be very helpful update needed.",2,2025-12-16,Dashen,positive,0.2,Feature Requests
OTP sometimes delayed but works eventually Highly recommend.,otp sometimes delayed but works eventually highly recommend.,2,2026-03-24,Dashen,positive,0.16,Account Access
Customer service responded quickly to my query,customer service responded quickly to my query,1,2026-01-17,Dashen,positive,0.3333333333333333,UI and Design
Sometimes slow but generally good experience,sometimes slow but generally good experience,5,2026-03-05,Dashen,positive,0.19999999999999996,Transaction Performance
Love the new features being added regularly,love the new features being added regularly,5,2026-01-23,Dashen,positive,0.21212121212121213,Feature Requests
Transaction processing is fast and reliable So frustrating.,transaction processing is fast and reliable so frustrating.,5,2026-04-28,Dashen,negative,0.1,Transaction Performance
"Good UI, very intuitive and easy to navigate Great work!","good ui, very intuitive and easy to navigate great work!",4,2026-03-28,Dashen,positive,0.5833333333333333,UI and Design
Love the new features being added regularly,love the new features being added regularly,3,2025-12-21,Dashen,positive,0.21212121212121213,Feature Requests
Sometimes slow but generally good experience Very disappointed.,sometimes slow but generally good experience very disappointed.,5,2026-01-16,Dashen,negative,0.19166666666666674,Transaction Performance
"Very secure, feels safe to use Update needed.","very secure, feels safe to use update needed.",3,2026-03-12,Dashen,positive,0.51,Other
Transaction processing is fast and reliable Please fix!,transaction processing is fast and reliable please fix!,3,2026-04-08,Dashen,positive,0.25,Transaction Performance
"Need budgeting tools please, would be very helpful Please fix!","need budgeting tools please, would be very helpful please fix!",4,2025-11-22,Dashen,positive,0.25,Feature Requests
Fingerprint login would be convenient,fingerprint login would be convenient,5,2026-04-18,Dashen,neutral,0.5,Account Access
"Need budgeting tools please, would be very helpful Great work!","need budgeting tools please, would be very helpful great work!",3,2026-02-13,Dashen,positive,0.6,Feature Requests
Fingerprint login would be convenient Very disappointed.,fingerprint login would be convenient very disappointed.,1,2026-03-21,Dashen,negative,0.9750000000000001,Account Access
Sometimes slow but generally good experience Very disappointed.,sometimes slow but generally good experience very disappointed.,3,2026-05-09,Dashen,negative,0.19166666666666674,Transaction Performance
"Fast transfers, love the speed and reliability So frustrating.","fast transfers, love the speed and reliability so frustrating.",4,2025-12-10,Dashen,neutral,0.5,Transaction Performance
"Need budgeting tools please, would be very helpful So frustrating.","need budgeting tools please, would be very helpful so frustrating.",4,2026-04-11,Dashen,negative,0.1,Feature Requests
Dark mode needed for night usage,dark mode needed for night usage,5,2025-12-24,Dashen,negative,0.15,Feature Requests
Please add QR payment feature like other banks So frustrating.,please add qr payment feature like other banks so frustrating.,4,2026-03-12,Dashen,negative,0.2625,Feature Requests
"Working great so far, no major issues So frustrating.","working great so far, no major issues so frustrating.",3,2026-04-01,Dashen,positive,0.1171875,Other
Dark mode needed for night usage Please fix!,dark mode needed for night usage please fix!,5,2026-01-27,Dashen,negative,0.1875,Feature Requests
Fingerprint login would be convenient Please fix!,fingerprint login would be convenient please fix!,1,2026-05-12,Dashen,neutral,0.5,Account Access
"Fast transfers, love the speed and reliability Please fix!","fast transfers, love the speed and reliability please fix!",3,2026-01-26,Dashen,positive,0.4125,Transaction Performance
App could use better notification system So frustrating.,app could use better notification system so frustrating.,4,2026-02-13,Dashen,neutral,0.5,Feature Requests
Fingerprint login would be convenient Update needed.,fingerprint login would be convenient update needed.,3,2026-01-20,Dashen,neutral,0.5,Account Access
Dark mode needed for night usage Please fix!,dark mode needed for night usage please fix!,5,2026-04-19,Dashen,negative,0.1875,Feature Requests
App could use better notification system Highly recommend.,app could use better notification system highly recommend.,4,2026-01-31,Dashen,positive,0.33,Feature Requests
Sometimes slow but generally good experience,sometimes slow but generally good experience,5,2026-01-28,Dashen,positive,0.19999999999999996,Transaction Performance
Love the new features being added regularly Great work!,love the new features being added regularly great work!,1,2026-02-16,Dashen,positive,0.5454545454545454,Feature Requests
"Best banking app in Ethiopia, very satisfied Please fix!","best banking app in ethiopia, very satisfied please fix!",3,2026-02-16,Dashen,positive,0.90625,Other
"Working great so far, no major issues","working great so far, no major issues",3,2026-03-20,Dashen,positive,0.28958333333333336,Other
"Fast transfers, love the speed and reliability","fast transfers, love the speed and reliability",3,2026-02-23,Dashen,positive,0.35,Transaction Performance
"Very secure, feels safe to use Highly recommend.","very secure, feels safe to use highly recommend.",4,2025-11-22,Dashen,positive,0.3933333333333333,Other
Fingerprint login would be convenient Great work!,fingerprint login would be convenient great work!,3,2025-11-30,Dashen,positive,1.0,Account Access
Dark mode needed for night usage Very disappointed.,dark mode needed for night usage very disappointed.,5,2026-01-07,Dashen,negative,0.5625,Feature Requests
"Best banking app in Ethiopia, very satisfied Please fix!","best banking app in ethiopia, very satisfied please fix!",3,2026-02-15,Dashen,positive,0.90625,Other
"Need budgeting tools please, would be very helpful Highly recommend.","need budgeting tools please, would be very helpful highly recommend.",2,2026-03-01,Dashen,positive,0.18,Feature Requests
Love the new features being added regularly Great work!,love the new features being added regularly great work!,5,2026-01-04,Dashen,positive,0.5454545454545454,Feature Requests
"Fast transfers, love the speed and reliability Great work!","fast transfers, love the speed and reliability great work!",5,2026-01-09,Dashen,positive,0.5666666666666667,Transaction Performance
Sometimes slow but generally good experience Please fix!,sometimes slow but generally good experience please fix!,5,2025-12-14,Dashen,positive,0.2875,Transaction Performance
Dark mode needed for night usage Very disappointed.,dark mode needed for night usage very disappointed.,4,2025-12-11,Dashen,negative,0.5625,Feature Requests
OTP sometimes delayed but works eventually,otp sometimes delayed but works eventually,2,2026-04-17,Dashen,neutral,0.5,Account Access
"Need budgeting tools please, would be very helpful Great work!","need budgeting tools please, would be very helpful great work!",4,2026-04-04,Dashen,positive,0.6,Feature Requests
Love the new features being added regularly Highly recommend.,love the new features being added regularly highly recommend.,3,2026-01-18,Dashen,positive,0.26545454545454544,Feature Requests
Fingerprint login would be convenient Great work!,fingerprint login would be convenient great work!,5,2026-04-12,Dashen,positive,1.0,Account Access
"Working great so far, no major issues Update needed.","working great so far, no major issues update needed.",5,2026-05-10,Dashen,positive,0.28958333333333336,Other
Transaction processing is fast and reliable Update needed.,transaction processing is fast and reliable update needed.,1,2026-05-12,Dashen,positive,0.2,Transaction Performance
Customer service responded quickly to my query Please fix!,customer service responded quickly to my query please fix!,4,2025-12-27,Dashen,positive,0.41666666666666663,UI and Design
Transaction processing is fast and reliable Update needed.,transaction processing is fast and reliable update needed.,5,2026-01-13,Dashen,positive,0.2,Transaction Performance
"Fast transfers, love the speed and reliability Great work!","fast transfers, love the speed and reliability great work!",3,2026-05-14,Dashen,positive,0.5666666666666667,Transaction Performance
Fingerprint login would be convenient Very disappointed.,fingerprint login would be convenient very disappointed.,3,2026-04-04,Dashen,negative,0.9750000000000001,Account Access
Please add QR payment feature like other banks Update needed.,please add qr payment feature like other banks update needed.,1,2025-12-10,Dashen,negative,0.125,Feature Requests
Please add QR payment feature like other banks Great work!,please add qr payment feature like other banks great work!,3,2025-12-28,Dashen,positive,0.4375,Feature Requests
"Need budgeting tools please, would be very helpful Very disappointed.","need budgeting tools please, would be very helpful very disappointed.",5,2026-01-04,Dashen,negative,0.38750000000000007,Feature Requests
"Very secure, feels safe to use Update needed.","very secure, feels safe to use update needed.",5,2026-04-21,Dashen,positive,0.51,Other
"Fast transfers, love the speed and reliability","fast transfers, love the speed and reliability",2,2026-02-18,Dashen,positive,0.35,Transaction Performance
OTP sometimes delayed but works eventually,otp sometimes delayed but works eventually,1,2026-01-12,Dashen,neutral,0.5,Account Access
"Very secure, feels safe to use Very disappointed.","very secure, feels safe to use very disappointed.",5,2026-01-22,Dashen,neutral,0.5,Other
"Very secure, feels safe to use Very disappointed.","very secure, feels safe to use very disappointed.",4,2026-03-14,Dashen,neutral,0.5,Other
"Working great so far, no major issues","working great so far, no major issues",1,2026-05-03,Dashen,positive,0.28958333333333336,Other
Love the new features being added regularly Highly recommend.,love the new features being added regularly highly recommend.,4,2026-04-18,Dashen,positive,0.26545454545454544,Feature Requests
"Best banking app in Ethiopia, very satisfied So frustrating.","best banking app in ethiopia, very satisfied so frustrating.",4,2025-12-27,Dashen,positive,0.4166666666666667,Other
"Fast transfers, love the speed and reliability Great work!","fast transfers, love the speed and reliability great work!",1,2026-05-09,Dashen,positive,0.5666666666666667,Transaction Performance
Love the new features being added regularly Highly recommend.,love the new features being added regularly highly recommend.,3,2026-03-15,Dashen,positive,0.26545454545454544,Feature Requests
Fingerprint login would be convenient Update needed.,fingerprint login would be convenient update needed.,5,2025-12-12,Dashen,neutral,0.5,Account Access
Transaction processing is fast and reliable Great work!,transaction processing is fast and reliable great work!,5,2026-02-23,Dashen,positive,0.6,Transaction Performance
"Good UI, very intuitive and easy to navigate Update needed.","good ui, very intuitive and easy to navigate update needed.",4,2026-02-03,Dashen,positive,0.4444444444444444,UI and Design
Dark mode needed for night usage Great work!,dark mode needed for night usage great work!,5,2026-04-06,Dashen,positive,0.425,Feature Requests
App could use better notification system So frustrating.,app could use better notification system so frustrating.,3,2026-03-07,Dashen,neutral,0.5,Feature Requests
Please add QR payment feature like other banks Highly recommend.,please add qr payment feature like other banks highly recommend.,1,2026-05-10,Dashen,neutral,0.5,Feature Requests
Fingerprint login would be convenient Very disappointed.,fingerprint login would be convenient very disappointed.,3,2026-03-23,Dashen,negative,0.9750000000000001,Account Access
"Good UI, very intuitive and easy to navigate Great work!","good ui, very intuitive and easy to navigate great work!",1,2026-02-17,Dashen,positive,0.5833333333333333,UI and Design
Transaction processing is fast and reliable,transaction processing is fast and reliable,4,2025-12-06,Dashen,positive,0.2,Transaction Performance
Please add QR payment feature like other banks So frustrating.,please add qr payment feature like other banks so frustrating.,1,2026-01-31,Dashen,negative,0.2625,Feature Requests
Please add QR payment feature like other banks Update needed.,please add qr payment feature like other banks update needed.,4,2025-12-10,Dashen,negative,0.125,Feature Requests
"Best banking app in Ethiopia, very satisfied Very disappointed.","best banking app in ethiopia, very satisfied very disappointed.",4,2026-04-14,Dashen,positive,0.22499999999999995,Other
Fingerprint login would be convenient Please fix!,fingerprint login would be convenient please fix!,4,2026-01-17,Dashen,neutral,0.5,Account Access
"Fast transfers, love the speed and reliability So frustrating.","fast transfers, love the speed and reliability so frustrating.",2,2025-12-02,Dashen,neutral,0.5,Transaction Performance
"Good UI, very intuitive and easy to navigate","good ui, very intuitive and easy to navigate",5,2026-04-18,Dashen,positive,0.4444444444444444,UI and Design
"Working great so far, no major issues Update needed.","working great so far, no major issues update needed.",5,2026-05-07,Dashen,positive,0.28958333333333336,Other
"Good UI, very intuitive and easy to navigate Highly recommend.","good ui, very intuitive and easy to navigate highly recommend.",4,2026-02-05,Dashen,positive,0.3733333333333333,UI and Design
"Working great so far, no major issues Please fix!","working great so far, no major issues please fix!",4,2026-03-04,Dashen,positive,0.2869791666666667,Other
OTP sometimes delayed but works eventually Update needed.,otp sometimes delayed but works eventually update needed.,2,2026-05-04,Dashen,neutral,0.5,Account Access
App could use better notification system,app could use better notification system,5,2026-04-04,Dashen,positive,0.5,Feature Requests
Customer service responded quickly to my query Very disappointed.,customer service responded quickly to my query very disappointed.,4,2026-02-01,Dashen,negative,0.3208333333333334,UI and Design
Dark mode needed for night usage Please fix!,dark mode needed for night usage please fix!,4,2025-12-18,Dashen,negative,0.1875,Feature Requests
Dark mode needed for night usage,dark mode needed for night usage,1,2026-02-10,Dashen,negative,0.15,Feature Requests
Love the new features being added regularly So frustrating.,love the new features being added regularly so frustrating.,3,2026-01-06,Dashen,neutral,0.5,Feature Requests
"Best banking app in Ethiopia, very satisfied Great work!","best banking app in ethiopia, very satisfied great work!",3,2025-12-12,Dashen,positive,0.8833333333333333,Other
Love the new features being added regularly Update needed.,love the new features being added regularly update needed.,5,2026-02-14,Dashen,positive,0.21212121212121213,Feature Requests
Fingerprint login would be convenient,fingerprint login would be convenient,2,2025-11-29,Dashen,neutral,0.5,Account Access
"Fast transfers, love the speed and reliability So frustrating.","fast transfers, love the speed and reliability so frustrating.",3,2026-05-06,Dashen,neutral,0.5,Transaction Performance
"Working great so far, no major issues Highly recommend.","working great so far, no major issues highly recommend.",1,2025-12-19,Dashen,positive,0.2571875,Other
Love the new features being added regularly,love the new features being added regularly,3,2026-03-19,Dashen,positive,0.21212121212121213,Feature Requests
Love the new features being added regularly Very disappointed.,love the new features being added regularly very disappointed.,5,2026-04-28,Dashen,negative,0.11287878787878791,Feature Requests
Please add QR payment feature like other banks Very disappointed.,please add qr payment feature like other banks very disappointed.,5,2026-01-11,Dashen,negative,0.55,Feature Requests
Transaction processing is fast and reliable Update needed.,transaction processing is fast and reliable update needed.,2,2025-11-26,Dashen,positive,0.2,Transaction Performance
Dark mode needed for night usage So frustrating.,dark mode needed for night usage so frustrating.,5,2026-03-30,Dashen,negative,0.275,Feature Requests
Transaction processing is fast and reliable Highly recommend.,transaction processing is fast and reliable highly recommend.,5,2025-11-28,Dashen,positive,0.18,Transaction Performance
Sometimes slow but generally good experience Update needed.,sometimes slow but generally good experience update needed.,2,2025-12-28,Dashen,positive,0.19999999999999996,Transaction Performance
OTP sometimes delayed but works eventually,otp sometimes delayed but works eventually,3,2025-11-23,Dashen,neutral,0.5,Account Access
Please add QR payment feature like other banks Great work!,please add qr payment feature like other banks great work!,5,2026-03-09,Dashen,positive,0.4375,Feature Requests
Sometimes slow but generally good experience,sometimes slow but generally good experience,5,2026-05-08,Dashen,positive,0.19999999999999996,Transaction Performance
"Working great so far, no major issues So frustrating.","working great so far, no major issues so frustrating.",5,2026-03-09,Dashen,positive,0.1171875,Other
"Need budgeting tools please, would be very helpful Great work!","need budgeting tools please, would be very helpful great work!",4,2025-12-12,Dashen,positive,0.6,Feature Requests
"Very secure, feels safe to use Please fix!","very secure, feels safe to use please fix!",4,2026-05-17,Dashen,positive,0.5725,Other
App could use better notification system So frustrating.,app could use better notification system so frustrating.,3,2026-04-28,Dashen,neutral,0.5,Feature Requests
Transaction processing is fast and reliable Very disappointed.,transaction processing is fast and reliable very disappointed.,5,2026-02-23,Dashen,negative,0.38750000000000007,Transaction Performance
"Best banking app in Ethiopia, very satisfied Very disappointed.","best banking app in ethiopia, very satisfied very disappointed.",3,2026-04-19,Dashen,positive,0.22499999999999995,Other
Customer service responded quickly to my query Great work!,customer service responded quickly to my query great work!,5,2026-04-14,Dashen,positive,0.6666666666666666,UI and Design
"Very secure, feels safe to use Please fix!","very secure, feels safe to use please fix!",4,2025-12-20,Dashen,positive,0.5725,Other
"Good UI, very intuitive and easy to navigate","good ui, very intuitive and easy to navigate",1,2026-01-26,Dashen,positive,0.4444444444444444,UI and Design
"Very secure, feels safe to use Update needed.","very secure, feels safe to use update needed.",5,2025-12-22,Dashen,positive,0.51,Other
OTP sometimes delayed but works eventually,otp sometimes delayed but works eventually,4,2026-02-22,Dashen,neutral,0.5,Account Access
"Good UI, very intuitive and easy to navigate Please fix!","good ui, very intuitive and easy to navigate please fix!",1,2025-12-21,Dashen,positive,0.48055555555555557,UI and Design
"Fast transfers, love the speed and reliability Very disappointed.","fast transfers, love the speed and reliability very disappointed.",4,2026-01-01,Dashen,neutral,0.5,Transaction Performance
"Need budgeting tools please, would be very helpful Great work!","need budgeting tools please, would be very helpful great work!",5,2026-02-06,Dashen,positive,0.6,Feature Requests
Dark mode needed for night usage Update needed.,dark mode needed for night usage update needed.,3,2026-05-05,Dashen,negative,0.15,Feature Requests
"Need budgeting tools please, would be very helpful Update needed.","need budgeting tools please, would be very helpful update needed.",4,2026-01-22,Dashen,positive,0.2,Feature Requests
Customer service responded quickly to my query Please fix!,customer service responded quickly to my query please fix!,3,2026-02-03,Dashen,positive,0.41666666666666663,UI and Design
Dark mode needed for night usage Very disappointed.,dark mode needed for night usage very disappointed.,5,2026-02-12,Dashen,negative,0.5625,Feature Requests
Dark mode needed for night usage Update needed.,dark mode needed for night usage update needed.,5,2026-01-31,Dashen,negative,0.15,Feature Requests
Customer service responded quickly to my query Please fix!,customer service responded quickly to my query please fix!,5,2026-01-20,Dashen,positive,0.41666666666666663,UI and Design
"Good UI, very intuitive and easy to navigate Please fix!","good ui, very intuitive and easy to navigate please fix!",1,2026-02-25,Dashen,positive,0.48055555555555557,UI and Design
Fingerprint login would be convenient Great work!,fingerprint login would be convenient great work!,5,2025-12-11,Dashen,positive,1.0,Account Access
"Good UI, very intuitive and easy to navigate Please fix!","good ui, very intuitive and easy to navigate please fix!",3,2025-12-17,Dashen,positive,0.48055555555555557,UI and Design
Sometimes slow but generally good experience Very disappointed.,sometimes slow but generally good experience very disappointed.,5,2026-03-19,Dashen,negative,0.19166666666666674,Transaction Performance
"Working great so far, no major issues Great work!","working great so far, no major issues great work!",4,2026-05-16,Dashen,positive,0.4671875,Other
App could use better notification system So frustrating.,app could use better notification system so frustrating.,4,2025-12-18,Dashen,neutral,0.5,Feature Requests
Transaction processing is fast and reliable Update needed.,transaction processing is fast and reliable update needed.,1,2026-01-24,Dashen,positive,0.2,Transaction Performance
"Working great so far, no major issues So frustrating.","working great so far, no major issues so frustrating.",4,2026-03-29,Dashen,positive,0.1171875,Other
Love the new features being added regularly So frustrating.,love the new features being added regularly so frustrating.,3,2025-11-24,Dashen,neutral,0.5,Feature Requests
Love the new features being added regularly So frustrating.,love the new features being added regularly so frustrating.,2,2026-04-05,Dashen,neutral,0.5,Feature Requests
"Working great so far, no major issues Update needed.","working great so far, no major issues update needed.",3,2026-04-08,Dashen,positive,0.28958333333333336,Other
OTP sometimes delayed but works eventually So frustrating.,otp sometimes delayed but works eventually so frustrating.,5,2026-01-06,Dashen,negative,0.4,Account Access
"Good UI, very intuitive and easy to navigate Update needed.","good ui, very intuitive and easy to navigate update needed.",4,2026-01-29,Dashen,positive,0.4444444444444444,UI and Design
"Fast transfers, love the speed and reliability Very disappointed.","fast transfers, love the speed and reliability very disappointed.",3,2025-11-25,Dashen,neutral,0.5,Transaction Performance
Love the new features being added regularly Update needed.,love the new features being added regularly update needed.,4,2025-12-29,Dashen,positive,0.21212121212121213,Feature Requests
"Best banking app in Ethiopia, very satisfied So frustrating.","best banking app in ethiopia, very satisfied so frustrating.",4,2026-04-13,Dashen,positive,0.4166666666666667,Other
"Very secure, feels safe to use Great work!","very secure, feels safe to use great work!",4,2026-01-18,Dashen,positive,0.6733333333333333,Other
"Working great so far, no major issues Highly recommend.","working great so far, no major issues highly recommend.",3,2026-03-18,Dashen,positive,0.2571875,Other
Sometimes slow but generally good experience So frustrating.,sometimes slow but generally good experience so frustrating.,4,2026-04-16,Dashen,neutral,0.5,Transaction Performance
Love the new features being added regularly Very disappointed.,love the new features being added regularly very disappointed.,5,2026-04-04,Dashen,negative,0.11287878787878791,Feature Requests
"Working great so far, no major issues Highly recommend.","working great so far, no major issues highly recommend.",4,2026-03-30,Dashen,positive,0.2571875,Other
App could use better notification system Update needed.,app could use better notification system update needed.,2,2026-01-15,Dashen,positive,0.5,Feature Requests
Please add QR payment feature like other banks,please add qr payment feature like other banks,5,2026-02-11,Dashen,negative,0.125,Feature Requests
Fingerprint login would be convenient So frustrating.,fingerprint login would be convenient so frustrating.,5,2026-01-02,Dashen,negative,0.4,Account Access
Sometimes slow but generally good experience Please fix!,sometimes slow but generally good experience please fix!,5,2026-01-16,Dashen,positive,0.2875,Transaction Performance
"Need budgeting tools please, would be very helpful Great work!","need budgeting tools please, would be very helpful great work!",3,2026-04-29,Dashen,positive,0.6,Feature Requests
Love the new features being added regularly Update needed.,love the new features being added regularly update needed.,5,2026-05-01,Dashen,positive,0.21212121212121213,Feature Requests
Fingerprint login would be convenient So frustrating.,fingerprint login would be convenient so frustrating.,5,2026-05-18,Dashen,negative,0.4,Account Access
"Good UI, very intuitive and easy to navigate Please fix!","good ui, very intuitive and easy to navigate please fix!",5,2026-02-26,Dashen,positive,0.48055555555555557,UI and Design
Fingerprint login would be convenient Please fix!,fingerprint login would be convenient please fix!,5,2025-11-22,Dashen,neutral,0.5,Account Access
Customer service responded quickly to my query So frustrating.,customer service responded quickly to my query so frustrating.,5,2026-04-17,Dashen,neutral,0.5,UI and Design
"Fast transfers, love the speed and reliability","fast transfers, love the speed and reliability",5,2025-11-30,Dashen,positive,0.35,Transaction Performance
Please add QR payment feature like other banks Very disappointed.,please add qr payment feature like other banks very disappointed.,4,2026-05-10,Dashen,negative,0.55,Feature Requests
"Best banking app in Ethiopia, very satisfied Great work!","best banking app in ethiopia, very satisfied great work!",4,2026-03-13,Dashen,positive,0.8833333333333333,Other
